,tree,group
0,"SUM,NEG,VF,NEG,MUL,VF,z,E,MUL,VN,POW,z,14,E,E",7
1,"SUM,NEG,MUL,VN,POW,z,4,E,E",7
2,"SUM,MUL,VF,POW,z,3,E,E",7
3,"SUM,NEG,MUL,VN,POW,z,5,E,NEG,MUL,VC,POW,z,4,E,MUL,VF,POW,z,3,E,NEG,VC,E",7
4,"SUM,NEG,MUL,VF,POW,z,5,E,NEG,MUL,VC,POW,z,9,E,NEG,MUL,VC,POW,z,8,E,NEG,MUL,VN,POW,z,14,E,NEG,MUL,VF,POW,z,2,E,NEG,VN,NEG,MUL,VF,POW,z,11,E,MUL,VF,z,E,NEG,MUL,VN,POW,z,10,E,NEG,MUL,VN,POW,z,7,E,MUL,VN,POW,z,6,E,MUL,VN,POW,z,4,E,NEG,MUL,VN,POW,z,15,E,E",7
5,"SUM,NEG,VF,MUL,VF,POW,z,10,E,NEG,MUL,VF,POW,z,6,E,MUL,VF,POW,z,7,E,MUL,VC,POW,z,8,E,MUL,VN,POW,z,2,E,NEG,MUL,VN,POW,z,3,E,MUL,VN,POW,z,5,E,E",7
6,"SUM,MUL,VF,POW,z,10,E,E",7
7,"SUM,MUL,VN,POW,z,2,E,MUL,VF,POW,z,4,E,E",7
8,"SUM,NEG,VC,MUL,VN,POW,z,4,E,E",7
9,"SUM,NEG,VC,MUL,VN,POW,z,5,E,NEG,MUL,VN,z,E,MUL,VF,POW,z,2,E,E",7
10,"SUM,MUL,VF,POW,z,3,E,MUL,VF,POW,z,7,E,NEG,MUL,VN,POW,z,6,E,MUL,VN,z,E,NEG,MUL,VC,POW,z,14,E,MUL,VF,POW,z,13,E,MUL,VN,POW,z,8,E,E",7
11,"SUM,MUL,VN,z,E,MUL,VN,POW,z,4,E,MUL,VN,POW,z,5,E,NEG,VC,E",7
12,"SUM,NEG,MUL,VN,POW,z,5,E,NEG,VF,NEG,MUL,VF,POW,z,6,E,MUL,VC,POW,z,2,E,NEG,MUL,VC,POW,z,7,E,E",7
13,"SUM,MUL,VN,z,E,E",7
14,"SUM,NEG,MUL,VC,POW,z,6,E,VN,NEG,MUL,VN,POW,z,7,E,E",7
15,"SUM,NEG,MUL,VF,z,E,NEG,MUL,VF,POW,z,7,E,E",7
16,"SUM,NEG,MUL,VC,POW,z,2,E,MUL,VN,z,E,MUL,VN,POW,z,5,E,MUL,VN,POW,z,8,E,VN,NEG,MUL,VF,POW,z,3,E,NEG,MUL,VN,POW,z,7,E,NEG,MUL,VN,POW,z,6,E,E",7
17,"SUM,NEG,MUL,VN,z,E,NEG,MUL,VF,POW,z,3,E,E",7
18,"SUM,NEG,MUL,VC,POW,z,4,E,VN,MUL,VC,POW,z,3,E,NEG,MUL,VF,POW,z,7,E,NEG,MUL,VC,POW,z,10,E,NEG,MUL,VN,POW,z,11,E,NEG,MUL,VN,POW,z,2,E,MUL,VN,POW,z,5,E,E",7
19,"SUM,MUL,VN,POW,z,7,E,MUL,VN,POW,z,9,E,E",7
20,"SUM,MUL,VF,POW,z,5,E,MUL,VN,POW,z,2,E,E",7
21,"SUM,MUL,VN,POW,z,11,E,NEG,MUL,VN,POW,z,4,E,NEG,MUL,VF,POW,z,13,E,MUL,VN,POW,z,14,E,NEG,MUL,VF,POW,z,7,E,NEG,MUL,VC,POW,z,8,E,MUL,VN,POW,z,12,E,MUL,VN,z,E,E",7
22,"SUM,NEG,MUL,VN,z,E,NEG,MUL,VN,POW,z,7,E,E",7
23,"SUM,NEG,VN,NEG,MUL,VC,POW,z,3,E,NEG,MUL,VF,POW,z,5,E,MUL,VC,POW,z,8,E,MUL,VC,POW,z,4,E,MUL,VN,z,E,NEG,MUL,VN,POW,z,6,E,NEG,MUL,VN,POW,z,9,E,NEG,MUL,VN,POW,z,7,E,E",7
24,"SUM,NEG,MUL,VF,z,E,E",7
25,"SUM,MUL,VF,POW,z,11,E,MUL,VC,POW,z,12,E,E",7
26,"SUM,MUL,VF,POW,z,6,E,MUL,VC,POW,z,5,E,MUL,VF,POW,z,3,E,MUL,VF,POW,z,4,E,NEG,MUL,VF,POW,z,7,E,NEG,MUL,VC,POW,z,9,E,VN,E",7
27,"SUM,MUL,VF,POW,z,6,E,MUL,VF,POW,z,7,E,NEG,MUL,VC,POW,z,4,E,E",7
28,"SUM,NEG,MUL,VN,POW,z,2,E,NEG,VF,MUL,VF,POW,z,5,E,NEG,MUL,VC,z,E,E",7
29,"SUM,MUL,VN,POW,z,6,E,NEG,MUL,VN,POW,z,12,E,MUL,VF,POW,z,7,E,NEG,MUL,VN,z,E,NEG,MUL,VN,POW,z,13,E,NEG,MUL,VC,POW,z,11,E,MUL,VF,POW,z,10,E,MUL,VC,POW,z,9,E,MUL,VC,POW,z,2,E,NEG,MUL,VN,POW,z,4,E,E",7
30,"SUM,MUL,VN,POW,z,7,E,VC,NEG,MUL,VF,z,E,NEG,MUL,VC,POW,z,3,E,MUL,VC,POW,z,8,E,MUL,VN,POW,z,5,E,MUL,VN,POW,z,9,E,E",7
31,"SUM,MUL,VN,POW,z,2,E,E",7
32,"SUM,VF,NEG,MUL,VF,POW,z,2,E,E",7
33,"SUM,NEG,MUL,VN,POW,z,2,E,E",7
34,"SUM,MUL,VN,POW,z,6,E,E",7
35,"SUM,NEG,MUL,VF,z,E,NEG,MUL,VN,POW,z,5,E,VF,NEG,MUL,VN,POW,z,6,E,NEG,MUL,VN,POW,z,2,E,MUL,VN,POW,z,7,E,E",7
36,"SUM,MUL,VC,POW,z,9,E,MUL,VC,POW,z,7,E,NEG,MUL,VC,POW,z,8,E,E",7
37,"SUM,NEG,MUL,VF,POW,z,7,E,MUL,VC,POW,z,8,E,NEG,MUL,VF,POW,z,3,E,NEG,MUL,VN,POW,z,5,E,MUL,VC,POW,z,4,E,MUL,VN,z,E,NEG,MUL,VN,POW,z,2,E,MUL,VF,POW,z,10,E,MUL,VN,POW,z,11,E,VC,NEG,MUL,VF,POW,z,15,E,MUL,VC,POW,z,9,E,MUL,VN,POW,z,6,E,NEG,MUL,VN,POW,z,14,E,NEG,MUL,VC,POW,z,12,E,E",7
38,"SUM,NEG,MUL,VN,POW,z,3,E,E",7
39,"SUM,NEG,MUL,VC,POW,z,4,E,NEG,MUL,VN,POW,z,8,E,MUL,VC,POW,z,6,E,NEG,MUL,VN,POW,z,9,E,VN,E",7
0,"SUM,MUL,VC,POW,y,2,E,E",6
1,"SUM,NEG,MUL,VN,POW,y,4,E,NEG,MUL,VN,POW,y,3,E,MUL,VN,POW,y,6,E,MUL,VN,y,E,NEG,MUL,VC,POW,y,5,E,VF,E",6
2,"SUM,NEG,MUL,VC,POW,y,4,E,NEG,MUL,VN,POW,y,3,E,NEG,MUL,VC,y,E,NEG,MUL,VN,POW,y,2,E,E",6
3,"SUM,NEG,MUL,VC,y,E,MUL,VC,POW,y,3,E,NEG,MUL,VC,POW,y,4,E,E",6
4,"SUM,NEG,MUL,VC,POW,y,13,E,E",6
5,"SUM,NEG,MUL,VF,POW,y,2,E,VN,NEG,MUL,VN,POW,y,7,E,NEG,MUL,VN,POW,y,5,E,MUL,VF,POW,y,10,E,MUL,VN,POW,y,8,E,NEG,MUL,VF,y,E,E",6
6,"SUM,NEG,MUL,VN,POW,y,13,E,MUL,VF,POW,y,2,E,MUL,VN,POW,y,6,E,MUL,VC,POW,y,12,E,NEG,MUL,VC,POW,y,9,E,MUL,VN,POW,y,5,E,MUL,VN,y,E,NEG,MUL,VN,POW,y,7,E,VF,NEG,MUL,VN,POW,y,10,E,NEG,MUL,VC,POW,y,4,E,NEG,MUL,VF,POW,y,11,E,MUL,VN,POW,y,8,E,E",6
7,"SUM,MUL,VN,POW,y,6,E,NEG,MUL,VC,POW,y,4,E,NEG,MUL,VF,y,E,NEG,MUL,VC,POW,y,10,E,MUL,VF,POW,y,7,E,NEG,MUL,VN,POW,y,11,E,MUL,VN,POW,y,12,E,MUL,VN,POW,y,13,E,E",6
8,"SUM,NEG,MUL,VC,POW,y,6,E,NEG,VN,MUL,VC,POW,y,5,E,NEG,MUL,VC,POW,y,2,E,MUL,VF,POW,y,9,E,MUL,VF,POW,y,8,E,NEG,MUL,VF,y,E,E",6
9,"SUM,NEG,MUL,VF,POW,y,5,E,NEG,VN,MUL,VF,POW,y,9,E,E",6
10,"SUM,NEG,MUL,VF,POW,y,4,E,MUL,VN,POW,y,2,E,MUL,VC,POW,y,3,E,E",6
11,"SUM,MUL,VN,POW,y,2,E,MUL,VC,POW,y,6,E,MUL,VN,y,E,NEG,MUL,VF,POW,y,3,E,MUL,VN,POW,y,7,E,MUL,VN,POW,y,4,E,MUL,VN,POW,y,5,E,E",6
12,"SUM,MUL,VC,POW,y,7,E,MUL,VC,POW,y,2,E,MUL,VN,POW,y,3,E,NEG,MUL,VN,POW,y,9,E,NEG,MUL,VN,POW,y,11,E,MUL,VF,POW,y,5,E,MUL,VC,POW,y,12,E,NEG,MUL,VN,POW,y,6,E,MUL,VN,POW,y,14,E,NEG,MUL,VF,POW,y,15,E,E",6
13,"SUM,VN,NEG,MUL,VC,POW,y,2,E,NEG,MUL,VN,POW,y,7,E,NEG,MUL,VN,POW,y,15,E,NEG,MUL,VN,POW,y,5,E,MUL,VC,POW,y,6,E,MUL,VN,POW,y,13,E,MUL,VF,POW,y,8,E,NEG,MUL,VC,POW,y,11,E,MUL,VN,POW,y,3,E,E",6
14,"SUM,MUL,VN,POW,y,9,E,MUL,VF,POW,y,10,E,NEG,MUL,VF,POW,y,7,E,E",6
15,"SUM,MUL,VN,y,E,NEG,MUL,VF,POW,y,2,E,E",6
16,"SUM,MUL,VF,POW,y,2,E,E",6
17,"SUM,MUL,VN,POW,y,2,E,MUL,VN,POW,y,3,E,NEG,MUL,VF,y,E,NEG,VF,MUL,VF,POW,y,5,E,E",6
18,"SUM,NEG,MUL,VN,POW,y,9,E,NEG,MUL,VC,POW,y,7,E,NEG,MUL,VN,POW,y,2,E,MUL,VN,POW,y,3,E,NEG,MUL,VN,y,E,E",6
19,"SUM,NEG,MUL,VN,POW,y,5,E,MUL,VN,POW,y,12,E,NEG,MUL,VC,POW,y,9,E,MUL,VC,POW,y,7,E,VN,MUL,VC,POW,y,2,E,E",6
20,"SUM,MUL,VF,POW,y,12,E,MUL,VF,POW,y,4,E,MUL,VF,POW,y,8,E,NEG,VC,NEG,MUL,VF,POW,y,10,E,NEG,MUL,VF,y,E,NEG,MUL,VC,POW,y,13,E,NEG,MUL,VN,POW,y,5,E,NEG,MUL,VN,POW,y,11,E,NEG,MUL,VF,POW,y,6,E,E",6
21,"SUM,NEG,MUL,VN,POW,y,3,E,VC,E",6
22,"SUM,NEG,MUL,VN,POW,y,3,E,MUL,VN,POW,y,4,E,MUL,VC,POW,y,2,E,E",6
23,"SUM,MUL,VN,y,E,NEG,MUL,VN,POW,y,15,E,NEG,MUL,VN,POW,y,3,E,MUL,VN,POW,y,9,E,E",6
24,"SUM,NEG,MUL,VN,POW,y,4,E,E",6
25,"SUM,NEG,MUL,VF,POW,y,2,E,VF,E",6
26,"SUM,NEG,VN,NEG,MUL,VC,POW,y,2,E,E",6
27,"SUM,NEG,MUL,VC,y,E,VN,MUL,VC,POW,y,5,E,E",6
28,"SUM,NEG,MUL,VN,y,E,E",6
29,"SUM,MUL,VN,POW,y,2,E,E",6
30,"SUM,NEG,MUL,VN,POW,y,3,E,NEG,VC,MUL,VC,POW,y,6,E,NEG,MUL,VN,POW,y,10,E,NEG,MUL,VN,POW,y,5,E,NEG,MUL,VN,y,E,E",6
31,"SUM,MUL,VC,POW,y,10,E,NEG,MUL,VN,POW,y,4,E,NEG,VC,NEG,MUL,VF,POW,y,7,E,MUL,VN,y,E,E",6
32,"SUM,MUL,VF,POW,y,14,E,NEG,MUL,VC,POW,y,9,E,NEG,MUL,VN,POW,y,2,E,E",6
33,"SUM,MUL,VN,POW,y,4,E,E",6
34,"SUM,MUL,VN,POW,y,9,E,NEG,MUL,VF,POW,y,6,E,VN,E",6
35,"SUM,MUL,VN,POW,y,6,E,NEG,MUL,VN,POW,y,9,E,E",6
36,"SUM,NEG,MUL,VC,POW,y,4,E,NEG,MUL,VN,POW,y,3,E,E",6
37,"SUM,MUL,VN,y,E,E",6
38,"SUM,MUL,VN,y,E,E",6
39,"SUM,MUL,VN,POW,y,3,E,MUL,VN,y,E,E",6
0,"SUM,NEG,MUL,VF,x,E,NEG,VF,E",3
1,"SUM,NEG,MUL,VF,x,E,NEG,VF,E",3
2,"SUM,NEG,MUL,VF,POW,x,3,E,NEG,MUL,VF,POW,x,2,E,NEG,MUL,VF,x,E,NEG,VF,E",3
3,"SUM,NEG,MUL,VF,POW,x,7,E,NEG,MUL,VF,POW,x,6,E,NEG,MUL,VF,POW,x,5,E,NEG,MUL,VF,POW,x,4,E,NEG,MUL,VF,POW,x,3,E,NEG,MUL,VF,POW,x,2,E,NEG,MUL,VF,x,E,NEG,VF,E",3
4,"SUM,NEG,MUL,VF,POW,x,4,E,NEG,MUL,VF,POW,x,3,E,NEG,MUL,VF,POW,x,2,E,NEG,MUL,VF,x,E,NEG,VF,E",3
5,"SUM,MUL,VF,POW,x,6,E,MUL,VF,POW,x,5,E,MUL,VF,POW,x,4,E,MUL,VF,POW,x,3,E,MUL,VF,POW,x,2,E,MUL,VF,x,E,VF,E",3
6,"SUM,MUL,VF,POW,x,3,E,MUL,VF,POW,x,2,E,MUL,VF,x,E,VF,E",3
7,"SUM,MUL,VF,POW,x,4,E,MUL,VF,POW,x,3,E,MUL,VF,POW,x,2,E,MUL,VF,x,E,VF,E",3
8,"SUM,MUL,VF,POW,x,6,E,MUL,VF,POW,x,5,E,MUL,VF,POW,x,4,E,MUL,VF,POW,x,3,E,MUL,VF,POW,x,2,E,MUL,VF,x,E,VF,E",3
9,"SUM,MUL,VF,POW,x,5,E,MUL,VF,POW,x,4,E,MUL,VF,POW,x,3,E,MUL,VF,POW,x,2,E,MUL,VF,x,E,VF,E",3
10,"SUM,MUL,VF,POW,x,6,E,NEG,MUL,VF,POW,x,5,E,MUL,VF,POW,x,4,E,NEG,MUL,VF,POW,x,3,E,MUL,VF,POW,x,2,E,MUL,VF,x,E,VF,E",3
11,"SUM,NEG,MUL,VF,POW,x,4,E,MUL,VF,POW,x,3,E,NEG,MUL,VF,POW,x,2,E,MUL,VF,x,E,VF,E",3
12,"SUM,NEG,MUL,VF,POW,x,6,E,MUL,VF,POW,x,5,E,NEG,MUL,VF,POW,x,4,E,MUL,VF,POW,x,3,E,MUL,VF,POW,x,2,E,MUL,VF,x,E,VF,E",3
13,"SUM,NEG,MUL,VF,POW,x,5,E,MUL,VF,POW,x,4,E,MUL,VF,POW,x,3,E,MUL,VF,POW,x,2,E,MUL,VF,x,E,NEG,VF,E",3
14,"SUM,MUL,VF,POW,x,8,E,NEG,MUL,VF,POW,x,7,E,NEG,MUL,VF,POW,x,6,E,MUL,VF,POW,x,5,E,NEG,MUL,VF,POW,x,4,E,NEG,MUL,VF,POW,x,3,E,MUL,VF,POW,x,2,E,NEG,MUL,VF,x,E,NEG,VF,E",3
15,"SUM,VF,MUL,VF,x,E,NEG,MUL,VF,POW,x,2,E,MUL,VF,POW,x,3,E,NEG,MUL,VF,POW,x,4,E,NEG,MUL,VF,POW,x,5,E,MUL,VF,POW,x,6,E,NEG,MUL,VF,POW,x,7,E,NEG,MUL,VF,POW,x,8,E,E",3
16,"SUM,VF,NEG,MUL,VF,x,E,MUL,VF,POW,x,2,E,MUL,VF,POW,x,3,E,NEG,MUL,VF,POW,x,4,E,NEG,MUL,VF,POW,x,5,E,E",3
17,"SUM,VF,MUL,VF,x,E,MUL,VF,POW,x,2,E,MUL,VF,POW,x,3,E,MUL,VF,POW,x,4,E,NEG,MUL,VF,POW,x,5,E,MUL,VF,POW,x,6,E,E",3
18,"SUM,VF,MUL,VF,x,E,NEG,MUL,VF,POW,x,2,E,E",3
19,"SUM,NEG,VF,MUL,VF,x,E,E",3
20,"SUM,NEG,VF,NEG,MUL,VF,x,E,NEG,MUL,VF,POW,x,2,E,NEG,MUL,VF,POW,x,3,E,NEG,MUL,VF,POW,x,4,E,NEG,MUL,VF,POW,x,5,E,NEG,MUL,VF,POW,x,6,E,NEG,MUL,VF,POW,x,7,E,E",3
21,"SUM,NEG,VF,NEG,MUL,VF,x,E,NEG,MUL,VF,POW,x,2,E,NEG,MUL,VF,POW,x,3,E,E",3
22,"SUM,NEG,VF,NEG,MUL,VF,x,E,E",3
23,"SUM,NEG,VF,NEG,MUL,VF,x,E,NEG,MUL,VF,POW,x,2,E,NEG,MUL,VF,POW,x,3,E,NEG,MUL,VF,POW,x,4,E,NEG,MUL,VF,POW,x,5,E,NEG,MUL,VF,POW,x,6,E,E",3
24,"SUM,NEG,VF,NEG,MUL,VF,x,E,NEG,MUL,VF,POW,x,2,E,NEG,MUL,VF,POW,x,3,E,NEG,MUL,VF,POW,x,4,E,NEG,MUL,VF,POW,x,5,E,NEG,MUL,VF,POW,x,6,E,NEG,MUL,VF,POW,x,7,E,E",3
25,"SUM,VF,MUL,VF,x,E,MUL,VF,POW,x,2,E,MUL,VF,POW,x,3,E,MUL,VF,POW,x,4,E,MUL,VF,POW,x,5,E,MUL,VF,POW,x,6,E,MUL,VF,POW,x,7,E,E",3
26,"SUM,VF,MUL,VF,x,E,MUL,VF,POW,x,2,E,MUL,VF,POW,x,3,E,E",3
27,"SUM,VF,MUL,VF,x,E,MUL,VF,POW,x,2,E,MUL,VF,POW,x,3,E,MUL,VF,POW,x,4,E,MUL,VF,POW,x,5,E,MUL,VF,POW,x,6,E,MUL,VF,POW,x,7,E,MUL,VF,POW,x,8,E,E",3
28,"SUM,VF,MUL,VF,x,E,E",3
29,"SUM,VF,MUL,VF,x,E,MUL,VF,POW,x,2,E,E",3
30,"SUM,MUL,VF,POW,x,4,E,MUL,VF,POW,x,3,E,MUL,VF,POW,x,6,E,NEG,MUL,VF,POW,x,5,E,VF,NEG,MUL,VF,x,E,MUL,VF,POW,x,2,E,E",3
31,"SUM,MUL,VF,POW,x,2,E,NEG,VF,MUL,VF,POW,x,5,E,MUL,VF,POW,x,3,E,MUL,VF,x,E,NEG,MUL,VF,POW,x,4,E,E",3
32,"SUM,MUL,VF,x,E,NEG,MUL,VF,POW,x,4,E,NEG,MUL,VF,POW,x,2,E,NEG,MUL,VF,POW,x,3,E,NEG,VF,E",3
33,"SUM,MUL,VF,POW,x,2,E,NEG,MUL,VF,x,E,VF,E",3
34,"SUM,NEG,VF,MUL,VF,POW,x,2,E,NEG,MUL,VF,x,E,NEG,MUL,VF,POW,x,3,E,E",3
35,"SUM,NEG,MUL,VF,POW,x,8,E,NEG,MUL,VF,POW,x,3,E,NEG,MUL,VF,x,E,NEG,MUL,VF,POW,x,2,E,NEG,MUL,VF,POW,x,7,E,NEG,MUL,VF,POW,x,6,E,NEG,MUL,VF,POW,x,5,E,NEG,VF,NEG,MUL,VF,POW,x,4,E,E",3
36,"SUM,NEG,MUL,VF,x,E,NEG,MUL,VF,POW,x,7,E,NEG,MUL,VF,POW,x,2,E,NEG,MUL,VF,POW,x,4,E,NEG,VF,NEG,MUL,VF,POW,x,5,E,NEG,MUL,VF,POW,x,6,E,NEG,MUL,VF,POW,x,3,E,E",3
37,"SUM,NEG,MUL,VF,POW,x,5,E,NEG,MUL,VF,x,E,NEG,VF,NEG,MUL,VF,POW,x,3,E,NEG,MUL,VF,POW,x,7,E,NEG,MUL,VF,POW,x,4,E,NEG,MUL,VF,POW,x,2,E,NEG,MUL,VF,POW,x,6,E,E",3
38,"SUM,NEG,MUL,VF,POW,x,2,E,NEG,MUL,VF,POW,x,4,E,NEG,VF,NEG,MUL,VF,x,E,NEG,MUL,VF,POW,x,3,E,E",3
39,"SUM,NEG,VF,NEG,MUL,VF,x,E,E",3
40,"SUM,MUL,VF,POW,x,2,E,VF,MUL,VF,POW,x,3,E,MUL,VF,x,E,E",3
41,"SUM,MUL,VF,POW,x,3,E,MUL,VF,x,E,MUL,VF,POW,x,4,E,MUL,VF,POW,x,5,E,MUL,VF,POW,x,2,E,VF,MUL,VF,POW,x,6,E,E",3
42,"SUM,VF,MUL,VF,x,E,MUL,VF,POW,x,2,E,MUL,VF,POW,x,4,E,MUL,VF,POW,x,3,E,E",3
43,"SUM,MUL,VF,POW,x,3,E,VF,MUL,VF,POW,x,6,E,MUL,VF,POW,x,5,E,MUL,VF,POW,x,2,E,MUL,VF,x,E,MUL,VF,POW,x,7,E,MUL,VF,POW,x,4,E,E",3
44,"SUM,VF,MUL,VF,x,E,E",3
0,"CASES,EQ,SUM,NEG,MUL,VF,b,E,MUL,VN,c,E,NEG,MUL,VN,a,E,NEG,MUL,VF,d,E,E,VF,EQ,SUM,NEG,MUL,VF,b,E,NEG,MUL,VN,c,E,MUL,VF,a,E,NEG,MUL,VN,d,E,E,VN,E",11
1,"CASES,EQ,SUM,MUL,VF,c,E,MUL,VN,d,E,MUL,VF,a,E,MUL,VN,b,E,E,VN,EQ,SUM,MUL,VF,c,E,MUL,VF,d,E,NEG,MUL,VF,a,E,NEG,MUL,VN,b,E,E,VN,E",11
2,"CASES,EQ,SUM,NEG,MUL,VN,d,E,NEG,MUL,VN,a,E,NEG,MUL,VN,b,E,NEG,MUL,VN,c,E,E,VF,EQ,SUM,NEG,MUL,VN,d,E,NEG,MUL,VN,a,E,MUL,VF,b,E,NEG,MUL,VN,c,E,E,VF,E",11
3,"CASES,EQ,SUM,NEG,MUL,VF,a,E,MUL,VN,b,E,NEG,MUL,VN,c,E,NEG,MUL,VN,d,E,E,VF,EQ,SUM,MUL,VF,a,E,MUL,VF,b,E,NEG,MUL,VF,c,E,NEG,MUL,VF,d,E,E,VF,E",11
4,"CASES,EQ,SUM,NEG,MUL,VF,d,E,MUL,VF,b,E,MUL,VF,a,E,NEG,MUL,VN,c,E,E,VN,EQ,SUM,MUL,VN,d,E,NEG,MUL,VN,b,E,NEG,MUL,VF,a,E,MUL,VN,c,E,E,VN,E",11
5,"CASES,EQ,SUM,NEG,MUL,VF,b,E,NEG,MUL,VF,a,E,NEG,MUL,VN,c,E,NEG,MUL,VN,d,E,E,VN,EQ,SUM,NEG,MUL,VN,b,E,NEG,MUL,VF,a,E,MUL,VN,d,E,NEG,MUL,VN,c,E,E,VF,E",11
6,"CASES,EQ,SUM,NEG,MUL,VF,d,E,NEG,MUL,VF,b,E,NEG,MUL,VF,c,E,NEG,MUL,VN,a,E,E,VF,EQ,SUM,MUL,VF,b,E,MUL,VN,a,E,NEG,MUL,VN,d,E,NEG,MUL,VN,c,E,E,VF,E",11
7,"CASES,EQ,SUM,NEG,MUL,VN,b,E,MUL,VN,d,E,NEG,MUL,VN,a,E,MUL,VN,c,E,E,VN,EQ,SUM,NEG,MUL,VN,c,E,MUL,VF,d,E,MUL,VF,a,E,NEG,MUL,VF,b,E,E,VN,E",11
8,"CASES,EQ,SUM,NEG,MUL,VF,d,E,NEG,MUL,VN,c,E,NEG,MUL,VN,a,E,NEG,MUL,VF,b,E,E,VN,EQ,SUM,MUL,VF,b,E,MUL,VN,c,E,NEG,MUL,VF,a,E,MUL,VN,d,E,E,VF,E",11
9,"CASES,EQ,SUM,MUL,VN,b,E,MUL,VF,d,E,MUL,VF,a,E,NEG,MUL,VN,c,E,E,VF,EQ,SUM,NEG,MUL,VN,d,E,NEG,MUL,VN,a,E,MUL,VN,c,E,NEG,MUL,VF,b,E,E,VF,E",11
10,"CASES,EQ,SUM,NEG,MUL,VN,d,E,NEG,MUL,VF,a,E,NEG,MUL,VN,b,E,NEG,MUL,VN,c,E,E,VF,EQ,SUM,NEG,MUL,VF,b,E,NEG,MUL,VN,c,E,MUL,VF,a,E,MUL,VF,d,E,E,VN,E",11
11,"CASES,EQ,SUM,NEG,MUL,VF,b,E,MUL,VN,c,E,NEG,MUL,VN,a,E,E,VN,EQ,SUM,NEG,MUL,VF,a,E,NEG,MUL,VN,b,E,E,VN,E",11
12,"CASES,EQ,SUM,NEG,MUL,VN,a,E,E,VF,EQ,SUM,MUL,VN,c,E,MUL,VF,d,E,MUL,VN,a,E,NEG,MUL,VF,b,E,E,VN,E",11
13,"CASES,EQ,SUM,MUL,VN,a,E,NEG,MUL,VN,b,E,E,VN,EQ,SUM,NEG,MUL,VN,b,E,MUL,VN,c,E,MUL,VN,d,E,E,VF,E",11
14,"CASES,EQ,SUM,NEG,MUL,VF,c,E,NEG,MUL,VN,d,E,NEG,MUL,VN,a,E,NEG,MUL,VN,b,E,E,VF,EQ,SUM,NEG,MUL,VF,d,E,NEG,MUL,VN,a,E,E,VF,E",11
15,"CASES,EQ,SUM,NEG,MUL,VN,c,E,NEG,MUL,VN,a,E,NEG,MUL,VF,b,E,MUL,VN,d,E,E,VN,EQ,SUM,MUL,VN,c,E,MUL,VF,a,E,MUL,VF,b,E,MUL,VF,d,E,E,VF,EQ,SUM,MUL,VN,c,E,MUL,VF,a,E,MUL,VF,b,E,MUL,VN,d,E,E,VF,E",11
16,"CASES,EQ,SUM,MUL,VF,d,E,MUL,VF,c,E,MUL,VF,a,E,NEG,MUL,VN,b,E,E,VN,EQ,SUM,MUL,VN,d,E,MUL,VF,c,E,MUL,VF,a,E,NEG,MUL,VF,b,E,E,VN,EQ,SUM,MUL,VN,d,E,NEG,MUL,VN,c,E,NEG,MUL,VF,a,E,MUL,VN,b,E,E,VN,E",11
17,"CASES,EQ,SUM,NEG,MUL,VF,d,E,NEG,MUL,VF,c,E,MUL,VN,a,E,MUL,VN,b,E,E,VN,EQ,SUM,MUL,VN,d,E,MUL,VF,c,E,MUL,VF,a,E,NEG,MUL,VF,b,E,E,VN,EQ,SUM,NEG,MUL,VF,d,E,MUL,VN,c,E,NEG,MUL,VF,a,E,MUL,VN,b,E,E,VN,E",11
18,"CASES,EQ,SUM,MUL,VF,d,E,MUL,VF,a,E,MUL,VN,b,E,NEG,MUL,VN,c,E,E,VN,EQ,SUM,MUL,VN,d,E,MUL,VN,a,E,NEG,MUL,VN,b,E,MUL,VF,c,E,E,VN,EQ,SUM,NEG,MUL,VN,d,E,MUL,VF,a,E,NEG,MUL,VN,b,E,NEG,MUL,VF,c,E,E,VN,E",11
19,"CASES,EQ,SUM,NEG,MUL,VN,b,E,NEG,MUL,VF,a,E,MUL,VN,c,E,MUL,VN,d,E,E,VF,EQ,SUM,MUL,VF,b,E,NEG,MUL,VN,a,E,NEG,MUL,VN,c,E,MUL,VF,d,E,E,VF,EQ,SUM,NEG,MUL,VF,b,E,NEG,MUL,VF,a,E,NEG,MUL,VN,c,E,NEG,MUL,VF,d,E,E,VN,E",11
20,"CASES,EQ,SUM,MUL,VN,b,E,MUL,VN,c,E,MUL,VN,a,E,NEG,MUL,VN,d,E,E,VN,EQ,SUM,MUL,VN,d,E,NEG,MUL,VF,a,E,NEG,MUL,VF,c,E,MUL,VF,b,E,E,VN,EQ,SUM,MUL,VN,c,E,NEG,MUL,VN,b,E,NEG,MUL,VF,d,E,NEG,MUL,VN,a,E,E,VN,E",11
21,"CASES,EQ,SUM,MUL,VN,d,E,MUL,VF,a,E,MUL,VF,b,E,MUL,VF,c,E,E,VN,EQ,SUM,NEG,MUL,VN,a,E,NEG,MUL,VN,d,E,MUL,VF,c,E,MUL,VN,b,E,E,VN,EQ,SUM,MUL,VN,a,E,MUL,VN,b,E,MUL,VN,d,E,MUL,VN,c,E,E,VN,E",11
22,"CASES,EQ,SUM,MUL,VN,b,E,MUL,VN,c,E,MUL,VN,d,E,NEG,MUL,VN,a,E,E,VN,EQ,SUM,MUL,VF,d,E,NEG,MUL,VF,a,E,NEG,MUL,VN,b,E,MUL,VN,c,E,E,VN,EQ,SUM,NEG,MUL,VN,b,E,MUL,VN,d,E,MUL,VN,a,E,MUL,VF,c,E,E,VF,E",11
23,"CASES,EQ,SUM,NEG,MUL,VN,d,E,MUL,VF,c,E,MUL,VF,b,E,MUL,VF,a,E,E,VF,EQ,SUM,MUL,VN,d,E,MUL,VN,c,E,NEG,MUL,VN,a,E,NEG,MUL,VF,b,E,E,VF,EQ,SUM,NEG,MUL,VF,c,E,MUL,VF,a,E,MUL,VN,d,E,MUL,VF,b,E,E,VN,E",11
24,"CASES,EQ,SUM,MUL,VN,d,E,MUL,VF,a,E,MUL,VN,b,E,MUL,VF,c,E,E,VN,EQ,SUM,NEG,MUL,VF,b,E,MUL,VF,d,E,MUL,VF,a,E,NEG,MUL,VN,c,E,E,VN,EQ,SUM,NEG,MUL,VF,d,E,MUL,VN,c,E,MUL,VN,b,E,MUL,VN,a,E,E,VF,E",11
25,"CASES,EQ,SUM,MUL,VN,d,E,MUL,VN,c,E,MUL,VN,b,E,NEG,MUL,VN,a,E,E,0,EQ,SUM,MUL,VN,d,E,NEG,MUL,VN,c,E,NEG,MUL,VN,b,E,MUL,VN,a,E,E,0,EQ,SUM,NEG,MUL,VF,d,E,MUL,VN,c,E,NEG,MUL,VN,b,E,NEG,MUL,VN,a,E,E,0,EQ,SUM,MUL,VN,d,E,NEG,MUL,VN,c,E,NEG,MUL,VN,b,E,MUL,VF,a,E,E,0,E",11
26,"CASES,EQ,SUM,NEG,MUL,VF,c,E,NEG,MUL,VN,a,E,NEG,MUL,VN,b,E,NEG,MUL,VN,d,E,E,0,EQ,SUM,MUL,VN,c,E,MUL,VN,a,E,NEG,MUL,VN,b,E,NEG,MUL,VN,d,E,E,0,EQ,SUM,MUL,VF,c,E,MUL,VF,a,E,MUL,VN,b,E,MUL,VN,d,E,E,0,EQ,SUM,MUL,VN,c,E,MUL,VN,a,E,MUL,VN,b,E,NEG,MUL,VF,d,E,E,0,E",11
27,"CASES,EQ,SUM,MUL,VF,c,E,MUL,VF,a,E,NEG,MUL,VF,b,E,MUL,VN,d,E,E,0,EQ,SUM,NEG,MUL,VN,c,E,MUL,VF,a,E,MUL,VF,b,E,MUL,VF,d,E,E,0,EQ,SUM,MUL,VF,c,E,MUL,VF,a,E,NEG,MUL,VN,b,E,MUL,VN,d,E,E,0,EQ,SUM,MUL,VN,c,E,MUL,VN,a,E,NEG,MUL,VN,b,E,NEG,MUL,VF,d,E,E,0,E",11
28,"CASES,EQ,SUM,MUL,VN,a,E,NEG,MUL,VN,c,E,MUL,VN,d,E,NEG,MUL,VF,b,E,E,0,EQ,SUM,MUL,VF,a,E,NEG,MUL,VF,c,E,MUL,VF,d,E,MUL,VN,b,E,E,0,EQ,SUM,NEG,MUL,VF,a,E,NEG,MUL,VF,c,E,NEG,MUL,VF,d,E,NEG,MUL,VN,b,E,E,0,EQ,SUM,NEG,MUL,VF,a,E,NEG,MUL,VN,c,E,NEG,MUL,VF,d,E,NEG,MUL,VN,b,E,E,0,E",11
29,"CASES,EQ,SUM,MUL,VF,d,E,MUL,VN,b,E,NEG,MUL,VF,c,E,MUL,VN,a,E,E,0,EQ,SUM,NEG,MUL,VF,d,E,NEG,MUL,VF,b,E,NEG,MUL,VF,c,E,NEG,MUL,VF,a,E,E,0,EQ,SUM,NEG,MUL,VF,d,E,NEG,MUL,VN,b,E,NEG,MUL,VN,c,E,NEG,MUL,VN,a,E,E,0,EQ,SUM,MUL,VF,d,E,NEG,MUL,VN,b,E,MUL,VF,c,E,MUL,VF,a,E,E,0,E",11
30,"CASES,EQ,SUM,MUL,VN,c,E,MUL,VN,a,E,E,SUM,MUL,VN,d,E,MUL,VF,b,E,VF,E,EQ,VF,SUM,NEG,MUL,VN,d,E,NEG,MUL,VN,b,E,NEG,MUL,VF,c,E,MUL,VN,a,E,E,EQ,SUM,NEG,MUL,VN,d,E,MUL,VN,c,E,E,SUM,MUL,VN,b,E,NEG,MUL,VF,a,E,VF,E,EQ,VF,SUM,MUL,VN,c,E,MUL,VF,b,E,NEG,MUL,VN,a,E,MUL,VF,d,E,E,E",11
31,"CASES,EQ,SUM,MUL,VF,c,E,E,SUM,NEG,MUL,VN,b,E,NEG,MUL,VN,d,E,NEG,MUL,VF,a,E,VF,E,EQ,SUM,NEG,MUL,VF,c,E,MUL,VF,a,E,NEG,MUL,VN,d,E,E,SUM,MUL,VN,b,E,VF,E,EQ,VF,SUM,NEG,MUL,VN,b,E,MUL,VN,d,E,NEG,MUL,VN,c,E,MUL,VF,a,E,E,EQ,SUM,NEG,MUL,VN,c,E,NEG,MUL,VF,d,E,MUL,VF,a,E,E,SUM,MUL,VF,b,E,VN,E,E",11
32,"CASES,EQ,SUM,MUL,VN,c,E,E,SUM,MUL,VN,d,E,MUL,VF,b,E,NEG,MUL,VN,a,E,VN,E,EQ,SUM,NEG,MUL,VN,a,E,E,SUM,NEG,MUL,VF,c,E,MUL,VN,b,E,NEG,MUL,VF,d,E,VF,E,EQ,SUM,MUL,VF,a,E,MUL,VN,d,E,E,SUM,MUL,VF,c,E,MUL,VN,b,E,VF,E,EQ,SUM,NEG,MUL,VN,c,E,E,SUM,MUL,VN,b,E,MUL,VN,a,E,NEG,MUL,VF,d,E,VN,E,E",11
33,"CASES,EQ,SUM,NEG,MUL,VN,b,E,MUL,VN,a,E,NEG,MUL,VN,c,E,E,SUM,NEG,MUL,VN,d,E,VN,E,EQ,SUM,NEG,MUL,VF,b,E,MUL,VF,c,E,NEG,MUL,VN,a,E,E,SUM,MUL,VN,d,E,VN,E,EQ,SUM,NEG,MUL,VN,d,E,NEG,MUL,VF,a,E,E,SUM,MUL,VN,c,E,MUL,VF,b,E,VF,E,EQ,SUM,MUL,VF,c,E,E,SUM,MUL,VF,d,E,NEG,MUL,VN,a,E,MUL,VF,b,E,VN,E,E",11
34,"CASES,EQ,VN,SUM,MUL,VN,b,E,NEG,MUL,VF,a,E,NEG,MUL,VF,c,E,MUL,VN,d,E,E,EQ,SUM,MUL,VN,a,E,MUL,VF,b,E,E,SUM,MUL,VN,d,E,NEG,MUL,VN,c,E,VF,E,EQ,SUM,MUL,VF,c,E,MUL,VF,d,E,E,SUM,NEG,MUL,VF,b,E,NEG,MUL,VN,a,E,VN,E,EQ,SUM,MUL,VN,d,E,E,SUM,NEG,MUL,VN,b,E,MUL,VN,a,E,NEG,MUL,VF,c,E,VN,E,E",11
35,"CASES,EQ,SUM,NEG,MUL,VN,d,E,MUL,VF,b,E,E,SUM,MUL,VF,c,E,VN,E,EQ,VF,SUM,NEG,MUL,VN,a,E,MUL,VN,b,E,MUL,VN,c,E,E,EQ,SUM,NEG,MUL,VF,b,E,NEG,MUL,VN,c,E,E,SUM,NEG,MUL,VN,a,E,MUL,VF,d,E,VN,E,EQ,SUM,MUL,VF,b,E,E,SUM,NEG,MUL,VF,a,E,NEG,MUL,VF,d,E,VF,E,E",11
36,"CASES,EQ,SUM,NEG,MUL,VF,c,E,MUL,VN,a,E,NEG,MUL,VN,b,E,E,SUM,NEG,MUL,VF,d,E,VF,E,EQ,SUM,NEG,MUL,VF,c,E,E,SUM,NEG,MUL,VN,a,E,MUL,VF,b,E,VF,E,EQ,SUM,MUL,VF,d,E,E,SUM,NEG,MUL,VN,a,E,NEG,MUL,VN,b,E,VN,E,EQ,SUM,MUL,VN,b,E,E,SUM,MUL,VF,c,E,NEG,MUL,VF,d,E,NEG,MUL,VN,a,E,VF,E,E",11
37,"CASES,EQ,SUM,NEG,MUL,VF,c,E,E,SUM,MUL,VF,a,E,VN,E,EQ,SUM,NEG,MUL,VF,b,E,MUL,VF,d,E,MUL,VF,a,E,E,SUM,MUL,VN,c,E,VF,E,EQ,VF,SUM,NEG,MUL,VF,b,E,E,EQ,VN,SUM,NEG,MUL,VF,c,E,E,E",11
38,"CASES,EQ,SUM,NEG,MUL,VN,c,E,E,SUM,MUL,VF,a,E,NEG,MUL,VF,b,E,VF,E,EQ,VN,SUM,MUL,VN,b,E,NEG,MUL,VN,d,E,MUL,VN,a,E,E,EQ,VF,SUM,MUL,VN,b,E,MUL,VF,d,E,E,EQ,SUM,NEG,MUL,VF,b,E,MUL,VF,d,E,MUL,VF,a,E,E,SUM,NEG,MUL,VF,c,E,VF,E,E",11
39,"CASES,EQ,VF,SUM,MUL,VN,d,E,NEG,MUL,VN,b,E,E,EQ,SUM,NEG,MUL,VF,c,E,E,SUM,NEG,MUL,VF,a,E,NEG,MUL,VN,d,E,VN,E,EQ,SUM,NEG,MUL,VF,c,E,E,SUM,MUL,VF,b,E,VN,E,EQ,VF,SUM,NEG,MUL,VF,b,E,MUL,VF,d,E,NEG,MUL,VN,a,E,E,E",11
0,"CASES,EQ,SUM,MUL,VN,y,E,NEG,MUL,VN,z,E,NEG,MUL,VN,x,E,E,VF,EQ,SUM,MUL,VF,y,E,NEG,MUL,VF,z,E,MUL,VN,x,E,E,VF,E",10
1,"CASES,EQ,SUM,MUL,VN,z,E,MUL,VF,x,E,NEG,MUL,VN,y,E,E,VN,EQ,SUM,MUL,VN,z,E,MUL,VN,x,E,NEG,MUL,VF,y,E,E,VF,E",10
2,"CASES,EQ,SUM,NEG,MUL,VF,z,E,NEG,MUL,VN,x,E,NEG,MUL,VN,y,E,E,VN,EQ,SUM,NEG,MUL,VN,z,E,MUL,VF,x,E,MUL,VN,y,E,E,VF,E",10
3,"CASES,EQ,SUM,MUL,VN,y,E,NEG,MUL,VF,z,E,MUL,VN,x,E,E,VF,EQ,SUM,MUL,VF,y,E,NEG,MUL,VN,z,E,NEG,MUL,VF,x,E,E,VN,E",10
4,"CASES,EQ,SUM,MUL,VF,y,E,MUL,VF,x,E,MUL,VF,z,E,E,VF,EQ,SUM,NEG,MUL,VF,y,E,MUL,VN,x,E,NEG,MUL,VN,z,E,E,VN,E",10
5,"CASES,EQ,SUM,MUL,VN,x,E,MUL,VN,y,E,MUL,VN,z,E,E,VF,EQ,SUM,NEG,MUL,VN,z,E,MUL,VN,y,E,NEG,MUL,VF,x,E,E,VN,E",10
6,"CASES,EQ,SUM,MUL,VF,y,E,MUL,VF,z,E,NEG,MUL,VF,x,E,E,VF,EQ,SUM,MUL,VF,z,E,NEG,MUL,VF,y,E,NEG,MUL,VF,x,E,E,VF,E",10
7,"CASES,EQ,SUM,MUL,VN,z,E,MUL,VN,y,E,MUL,VF,x,E,E,VF,EQ,SUM,MUL,VN,y,E,MUL,VF,z,E,NEG,MUL,VN,x,E,E,VN,E",10
8,"CASES,EQ,SUM,NEG,MUL,VN,y,E,NEG,MUL,VF,z,E,MUL,VF,x,E,E,VF,EQ,SUM,NEG,MUL,VF,x,E,NEG,MUL,VN,y,E,MUL,VN,z,E,E,VN,E",10
9,"CASES,EQ,SUM,NEG,MUL,VF,z,E,NEG,MUL,VN,x,E,MUL,VF,y,E,E,VF,EQ,SUM,NEG,MUL,VF,y,E,MUL,VF,x,E,NEG,MUL,VN,z,E,E,VF,E",10
10,"CASES,EQ,SUM,MUL,VF,x,E,E,VN,EQ,SUM,MUL,VF,x,E,MUL,VN,z,E,MUL,VF,y,E,E,VF,E",10
11,"CASES,EQ,SUM,MUL,VF,x,E,NEG,MUL,VN,z,E,E,VF,EQ,SUM,NEG,MUL,VF,z,E,MUL,VN,y,E,E,VF,E",10
12,"CASES,EQ,SUM,NEG,MUL,VF,x,E,NEG,MUL,VN,z,E,E,VN,EQ,SUM,NEG,MUL,VF,z,E,NEG,MUL,VF,x,E,E,VF,E",10
13,"CASES,EQ,SUM,MUL,VN,z,E,E,VF,EQ,SUM,MUL,VN,z,E,MUL,VF,x,E,MUL,VN,y,E,E,VN,E",10
14,"CASES,EQ,SUM,MUL,VF,y,E,E,VF,EQ,SUM,MUL,VN,z,E,E,VF,E",10
15,"CASES,EQ,SUM,NEG,MUL,VN,x,E,MUL,VF,z,E,MUL,VN,y,E,E,VN,EQ,SUM,MUL,VN,x,E,NEG,MUL,VN,z,E,NEG,MUL,VN,y,E,E,VF,EQ,SUM,NEG,MUL,VF,x,E,NEG,MUL,VF,z,E,NEG,MUL,VN,y,E,E,VN,E",10
16,"CASES,EQ,SUM,NEG,MUL,VF,y,E,MUL,VN,x,E,NEG,MUL,VN,z,E,E,VF,EQ,SUM,MUL,VF,y,E,NEG,MUL,VN,x,E,MUL,VN,z,E,E,VN,EQ,SUM,NEG,MUL,VN,y,E,NEG,MUL,VF,x,E,MUL,VN,z,E,E,VF,E",10
17,"CASES,EQ,SUM,MUL,VF,z,E,NEG,MUL,VN,y,E,MUL,VN,x,E,E,VN,EQ,SUM,MUL,VN,z,E,NEG,MUL,VF,y,E,MUL,VF,x,E,E,VN,EQ,SUM,NEG,MUL,VN,z,E,MUL,VF,y,E,MUL,VF,x,E,E,VF,E",10
18,"CASES,EQ,SUM,MUL,VN,x,E,NEG,MUL,VF,z,E,MUL,VF,y,E,E,VN,EQ,SUM,MUL,VF,x,E,MUL,VN,z,E,NEG,MUL,VF,y,E,E,VN,EQ,SUM,MUL,VN,x,E,MUL,VF,z,E,NEG,MUL,VF,y,E,E,VN,E",10
19,"CASES,EQ,SUM,NEG,MUL,VN,z,E,MUL,VN,y,E,NEG,MUL,VF,x,E,E,VF,EQ,SUM,MUL,VN,z,E,NEG,MUL,VF,y,E,NEG,MUL,VF,x,E,E,VF,EQ,SUM,MUL,VN,z,E,MUL,VF,y,E,MUL,VF,x,E,E,VN,E",10
20,"CASES,EQ,SUM,NEG,MUL,VN,z,E,MUL,VF,x,E,MUL,VF,y,E,E,VN,EQ,SUM,NEG,MUL,VN,y,E,MUL,VN,z,E,NEG,MUL,VF,x,E,E,VN,EQ,SUM,MUL,VN,x,E,NEG,MUL,VF,y,E,NEG,MUL,VN,z,E,E,VF,E",10
21,"CASES,EQ,SUM,MUL,VN,y,E,NEG,MUL,VN,x,E,NEG,MUL,VF,z,E,E,VN,EQ,SUM,NEG,MUL,VF,z,E,MUL,VN,x,E,NEG,MUL,VN,y,E,E,VF,EQ,SUM,NEG,MUL,VN,x,E,NEG,MUL,VF,z,E,MUL,VF,y,E,E,VF,E",10
22,"CASES,EQ,SUM,NEG,MUL,VF,x,E,NEG,MUL,VN,z,E,NEG,MUL,VF,y,E,E,VF,EQ,SUM,NEG,MUL,VN,y,E,MUL,VN,z,E,NEG,MUL,VN,x,E,E,VN,EQ,SUM,MUL,VF,x,E,NEG,MUL,VN,y,E,MUL,VF,z,E,E,VN,E",10
23,"CASES,EQ,SUM,NEG,MUL,VN,y,E,MUL,VF,x,E,MUL,VF,z,E,E,VN,EQ,SUM,NEG,MUL,VF,z,E,MUL,VF,x,E,MUL,VN,y,E,E,VF,EQ,SUM,NEG,MUL,VF,y,E,NEG,MUL,VN,z,E,MUL,VN,x,E,E,VN,E",10
24,"CASES,EQ,SUM,MUL,VN,z,E,MUL,VN,y,E,MUL,VN,x,E,E,VF,EQ,SUM,MUL,VN,y,E,MUL,VF,z,E,NEG,MUL,VF,x,E,E,VN,EQ,SUM,MUL,VN,y,E,NEG,MUL,VF,z,E,MUL,VN,x,E,E,VF,E",10
25,"CASES,EQ,SUM,MUL,VN,z,E,NEG,MUL,VF,x,E,E,VF,EQ,SUM,NEG,MUL,VF,z,E,NEG,MUL,VF,y,E,E,VN,EQ,SUM,NEG,MUL,VF,y,E,E,VN,E",10
26,"CASES,EQ,SUM,NEG,MUL,VN,y,E,MUL,VN,z,E,E,VF,EQ,SUM,NEG,MUL,VN,x,E,MUL,VN,y,E,E,VN,EQ,SUM,MUL,VN,y,E,NEG,MUL,VF,z,E,E,VN,E",10
27,"CASES,EQ,SUM,MUL,VF,x,E,MUL,VF,z,E,E,VN,EQ,SUM,MUL,VN,y,E,NEG,MUL,VN,z,E,E,VF,EQ,SUM,NEG,MUL,VF,z,E,E,VN,E",10
28,"CASES,EQ,SUM,NEG,MUL,VF,y,E,NEG,MUL,VF,z,E,E,VN,EQ,SUM,MUL,VN,y,E,E,VF,EQ,SUM,NEG,MUL,VF,x,E,MUL,VF,z,E,MUL,VF,y,E,E,VN,E",10
29,"CASES,EQ,SUM,NEG,MUL,VF,z,E,NEG,MUL,VF,x,E,MUL,VN,y,E,E,VN,EQ,SUM,NEG,MUL,VN,y,E,MUL,VF,x,E,MUL,VF,z,E,E,VF,EQ,SUM,MUL,VN,y,E,NEG,MUL,VN,x,E,E,VN,E",10
30,"CASES,EQ,SUM,MUL,VF,y,E,NEG,MUL,VF,x,E,E,SUM,NEG,MUL,VF,z,E,VN,E,EQ,VF,SUM,MUL,VF,y,E,MUL,VF,x,E,E,EQ,SUM,NEG,MUL,VF,x,E,E,SUM,MUL,VN,y,E,VF,E,E",10
31,"CASES,EQ,VN,SUM,NEG,MUL,VF,y,E,E,EQ,VN,SUM,NEG,MUL,VN,y,E,NEG,MUL,VF,z,E,MUL,VF,x,E,E,EQ,SUM,NEG,MUL,VN,y,E,E,SUM,NEG,MUL,VF,x,E,VF,E,E",10
32,"CASES,EQ,VF,SUM,MUL,VF,z,E,E,EQ,SUM,MUL,VF,z,E,E,SUM,MUL,VN,y,E,NEG,MUL,VF,x,E,VF,E,EQ,SUM,NEG,MUL,VN,y,E,E,SUM,NEG,MUL,VF,z,E,MUL,VN,x,E,VF,E,E",10
33,"CASES,EQ,VF,SUM,NEG,MUL,VN,x,E,NEG,MUL,VN,y,E,E,EQ,SUM,MUL,VN,y,E,E,SUM,NEG,MUL,VF,x,E,MUL,VN,z,E,VN,E,EQ,VF,SUM,MUL,VF,x,E,MUL,VN,z,E,E,E",10
34,"CASES,EQ,SUM,NEG,MUL,VF,y,E,MUL,VF,z,E,E,SUM,NEG,MUL,VF,x,E,VN,E,EQ,SUM,MUL,VN,z,E,E,SUM,MUL,VN,x,E,VF,E,EQ,SUM,NEG,MUL,VN,x,E,E,SUM,MUL,VN,y,E,VN,E,E",10
35,"CASES,EQ,SUM,NEG,MUL,VF,y,E,MUL,VF,z,E,MUL,VF,x,E,E,0,EQ,SUM,NEG,MUL,VN,y,E,MUL,VF,z,E,NEG,MUL,VF,x,E,E,0,EQ,SUM,MUL,VF,y,E,NEG,MUL,VN,z,E,NEG,MUL,VN,x,E,E,0,E",10
36,"CASES,EQ,SUM,NEG,MUL,VF,z,E,NEG,MUL,VN,x,E,NEG,MUL,VN,y,E,E,0,EQ,SUM,NEG,MUL,VF,z,E,NEG,MUL,VF,x,E,MUL,VF,y,E,E,0,EQ,SUM,NEG,MUL,VN,z,E,NEG,MUL,VF,x,E,NEG,MUL,VN,y,E,E,0,E",10
37,"CASES,EQ,SUM,NEG,MUL,VF,y,E,NEG,MUL,VN,z,E,MUL,VN,x,E,E,0,EQ,SUM,NEG,MUL,VF,y,E,MUL,VN,z,E,NEG,MUL,VF,x,E,E,0,EQ,SUM,MUL,VF,y,E,NEG,MUL,VF,z,E,NEG,MUL,VN,x,E,E,0,E",10
38,"CASES,EQ,SUM,NEG,MUL,VN,y,E,MUL,VN,z,E,MUL,VF,x,E,E,0,EQ,SUM,MUL,VF,y,E,NEG,MUL,VN,z,E,MUL,VN,x,E,E,0,EQ,SUM,MUL,VN,y,E,MUL,VF,z,E,MUL,VF,x,E,E,0,E",10
39,"CASES,EQ,SUM,NEG,MUL,VN,y,E,MUL,VF,x,E,MUL,VF,z,E,E,0,EQ,SUM,NEG,MUL,VF,y,E,MUL,VF,x,E,NEG,MUL,VN,z,E,E,0,EQ,SUM,NEG,MUL,VN,y,E,NEG,MUL,VF,x,E,NEG,MUL,VF,z,E,E,0,E",10
40,"CASES,EQ,SUM,NEG,MUL,VN,z,E,MUL,VF,y,E,MUL,VF,x,E,E,0,EQ,SUM,NEG,MUL,VF,y,E,NEG,MUL,VF,x,E,NEG,MUL,VN,z,E,E,0,EQ,SUM,NEG,MUL,VN,x,E,MUL,VF,y,E,NEG,MUL,VF,z,E,E,0,E",10
41,"CASES,EQ,SUM,MUL,VF,y,E,NEG,MUL,VN,z,E,MUL,VF,x,E,E,0,EQ,SUM,NEG,MUL,VN,y,E,NEG,MUL,VN,x,E,NEG,MUL,VF,z,E,E,0,EQ,SUM,NEG,MUL,VN,z,E,MUL,VF,x,E,MUL,VF,y,E,E,0,E",10
42,"CASES,EQ,SUM,MUL,VN,z,E,MUL,VF,x,E,MUL,VF,y,E,E,0,EQ,SUM,NEG,MUL,VN,y,E,NEG,MUL,VN,x,E,MUL,VF,z,E,E,0,EQ,SUM,MUL,VF,y,E,MUL,VF,x,E,NEG,MUL,VN,z,E,E,0,E",10
43,"CASES,EQ,SUM,NEG,MUL,VF,z,E,NEG,MUL,VF,x,E,MUL,VF,y,E,E,0,EQ,SUM,MUL,VN,z,E,MUL,VF,x,E,NEG,MUL,VN,y,E,E,0,EQ,SUM,NEG,MUL,VN,y,E,NEG,MUL,VF,z,E,MUL,VN,x,E,E,0,E",10
44,"CASES,EQ,SUM,MUL,VF,y,E,NEG,MUL,VN,x,E,MUL,VF,z,E,E,0,EQ,SUM,NEG,MUL,VN,x,E,MUL,VN,z,E,NEG,MUL,VN,y,E,E,0,EQ,SUM,NEG,MUL,VF,z,E,NEG,MUL,VN,y,E,NEG,MUL,VN,x,E,E,0,E",10
45,"CASES,EQ,SUM,NEG,MUL,VN,z,E,NEG,MUL,VN,y,E,NEG,MUL,VN,x,E,E,0,EQ,SUM,MUL,VN,y,E,E,0,EQ,SUM,NEG,MUL,VF,z,E,E,0,E",10
46,"CASES,EQ,SUM,MUL,VN,z,E,MUL,VF,x,E,E,0,EQ,SUM,NEG,MUL,VF,y,E,E,0,EQ,SUM,MUL,VN,z,E,MUL,VF,x,E,E,0,E",10
47,"CASES,EQ,SUM,MUL,VF,z,E,MUL,VF,y,E,NEG,MUL,VF,x,E,E,0,EQ,SUM,MUL,VF,x,E,MUL,VN,y,E,NEG,MUL,VF,z,E,E,0,EQ,SUM,MUL,VN,y,E,NEG,MUL,VF,z,E,NEG,MUL,VF,x,E,E,0,E",10
48,"CASES,EQ,SUM,NEG,MUL,VN,z,E,E,0,EQ,SUM,MUL,VF,y,E,NEG,MUL,VF,z,E,E,0,EQ,SUM,NEG,MUL,VN,y,E,MUL,VF,z,E,E,0,E",10
49,"CASES,EQ,SUM,NEG,MUL,VF,z,E,MUL,VF,x,E,MUL,VN,y,E,E,0,EQ,SUM,MUL,VN,x,E,NEG,MUL,VN,y,E,E,0,EQ,SUM,NEG,MUL,VN,y,E,MUL,VN,z,E,NEG,MUL,VN,x,E,E,0,E",10
0,"SUM,VC,MUL,VC,POW,x,2,E,NEG,MUL,VC,POW,x,3,E,MUL,VC,x,E,NEG,MUL,VC,POW,x,4,E,E",1
1,"SUM,NEG,MUL,VC,POW,x,3,E,MUL,VC,POW,x,4,E,NEG,MUL,VC,POW,x,2,E,NEG,VC,NEG,MUL,VC,x,E,E",1
2,"SUM,MUL,VC,x,E,NEG,VC,NEG,MUL,VC,POW,x,2,E,E",1
3,"SUM,NEG,MUL,VC,POW,x,3,E,MUL,VC,POW,x,2,E,MUL,VC,POW,x,6,E,NEG,VC,MUL,VC,POW,x,7,E,MUL,VC,POW,x,4,E,NEG,MUL,VC,x,E,NEG,MUL,VC,POW,x,5,E,E",1
4,"SUM,NEG,MUL,VC,POW,x,3,E,NEG,VC,NEG,MUL,VC,POW,x,4,E,MUL,VC,x,E,MUL,VC,POW,x,2,E,E",1
5,"SUM,NEG,MUL,VC,POW,x,2,E,NEG,VC,NEG,MUL,VC,POW,x,8,E,NEG,MUL,VC,POW,x,4,E,NEG,MUL,VC,POW,x,5,E,NEG,MUL,VC,x,E,NEG,MUL,VC,POW,x,7,E,NEG,MUL,VC,POW,x,6,E,NEG,MUL,VC,POW,x,3,E,E",1
6,"SUM,NEG,MUL,VC,POW,x,2,E,NEG,MUL,VC,x,E,NEG,VC,E",1
7,"SUM,NEG,MUL,VC,x,E,NEG,MUL,VC,POW,x,2,E,NEG,MUL,VC,POW,x,3,E,NEG,MUL,VC,POW,x,5,E,NEG,MUL,VC,POW,x,4,E,NEG,VC,E",1
8,"SUM,NEG,MUL,VC,x,E,NEG,MUL,VC,POW,x,4,E,NEG,MUL,VC,POW,x,2,E,NEG,MUL,VC,POW,x,6,E,NEG,MUL,VC,POW,x,3,E,NEG,MUL,VC,POW,x,8,E,NEG,MUL,VC,POW,x,7,E,NEG,MUL,VC,POW,x,5,E,NEG,VC,E",1
9,"SUM,NEG,MUL,VC,POW,x,2,E,NEG,MUL,VC,POW,x,4,E,NEG,VC,NEG,MUL,VC,POW,x,6,E,NEG,MUL,VC,POW,x,3,E,NEG,MUL,VC,x,E,NEG,MUL,VC,POW,x,5,E,E",1
10,"SUM,MUL,VC,POW,x,2,E,MUL,VC,POW,x,4,E,MUL,VC,x,E,VC,MUL,VC,POW,x,3,E,MUL,VC,POW,x,5,E,E",1
11,"SUM,VC,MUL,VC,x,E,E",1
12,"SUM,MUL,VC,POW,x,3,E,MUL,VC,x,E,VC,MUL,VC,POW,x,2,E,E",1
13,"SUM,VC,MUL,VC,x,E,MUL,VC,POW,x,2,E,E",1
14,"SUM,MUL,VC,POW,x,4,E,MUL,VC,POW,x,3,E,VC,MUL,VC,x,E,MUL,VC,POW,x,2,E,MUL,VC,POW,x,5,E,E",1
15,"SUM,VC,MUL,VC,x,E,NEG,MUL,VC,POW,x,2,E,MUL,VC,POW,x,3,E,E",1
16,"SUM,NEG,VC,MUL,VC,x,E,MUL,VC,POW,x,2,E,MUL,VC,POW,x,3,E,NEG,MUL,VC,POW,x,4,E,E",1
17,"SUM,NEG,VC,NEG,MUL,VC,x,E,NEG,MUL,VC,POW,x,2,E,MUL,VC,POW,x,3,E,E",1
18,"SUM,VC,NEG,MUL,VC,x,E,NEG,MUL,VC,POW,x,2,E,MUL,VC,POW,x,3,E,E",1
19,"SUM,VC,NEG,MUL,VC,x,E,MUL,VC,POW,x,2,E,MUL,VC,POW,x,3,E,NEG,MUL,VC,POW,x,4,E,MUL,VC,POW,x,5,E,MUL,VC,POW,x,6,E,MUL,VC,POW,x,7,E,E",1
20,"SUM,NEG,VC,NEG,MUL,VC,x,E,NEG,MUL,VC,POW,x,2,E,NEG,MUL,VC,POW,x,3,E,NEG,MUL,VC,POW,x,4,E,NEG,MUL,VC,POW,x,5,E,NEG,MUL,VC,POW,x,6,E,NEG,MUL,VC,POW,x,7,E,NEG,MUL,VC,POW,x,8,E,E",1
21,"SUM,NEG,VC,NEG,MUL,VC,x,E,NEG,MUL,VC,POW,x,2,E,NEG,MUL,VC,POW,x,3,E,NEG,MUL,VC,POW,x,4,E,NEG,MUL,VC,POW,x,5,E,NEG,MUL,VC,POW,x,6,E,NEG,MUL,VC,POW,x,7,E,NEG,MUL,VC,POW,x,8,E,E",1
22,"SUM,NEG,VC,NEG,MUL,VC,x,E,E",1
23,"SUM,NEG,VC,NEG,MUL,VC,x,E,NEG,MUL,VC,POW,x,2,E,NEG,MUL,VC,POW,x,3,E,NEG,MUL,VC,POW,x,4,E,NEG,MUL,VC,POW,x,5,E,NEG,MUL,VC,POW,x,6,E,NEG,MUL,VC,POW,x,7,E,NEG,MUL,VC,POW,x,8,E,E",1
24,"SUM,NEG,VC,NEG,MUL,VC,x,E,E",1
25,"SUM,VC,MUL,VC,x,E,MUL,VC,POW,x,2,E,MUL,VC,POW,x,3,E,MUL,VC,POW,x,4,E,MUL,VC,POW,x,5,E,MUL,VC,POW,x,6,E,MUL,VC,POW,x,7,E,MUL,VC,POW,x,8,E,E",1
26,"SUM,VC,MUL,VC,x,E,MUL,VC,POW,x,2,E,MUL,VC,POW,x,3,E,MUL,VC,POW,x,4,E,MUL,VC,POW,x,5,E,MUL,VC,POW,x,6,E,E",1
27,"SUM,VC,MUL,VC,x,E,MUL,VC,POW,x,2,E,MUL,VC,POW,x,3,E,MUL,VC,POW,x,4,E,MUL,VC,POW,x,5,E,E",1
28,"SUM,VC,MUL,VC,x,E,MUL,VC,POW,x,2,E,MUL,VC,POW,x,3,E,MUL,VC,POW,x,4,E,MUL,VC,POW,x,5,E,E",1
29,"SUM,VC,MUL,VC,x,E,E",1
30,"SUM,MUL,VC,POW,x,5,E,NEG,MUL,VC,POW,x,4,E,NEG,MUL,VC,POW,x,3,E,MUL,VC,POW,x,2,E,NEG,MUL,VC,x,E,VC,E",1
31,"SUM,NEG,MUL,VC,POW,x,7,E,NEG,MUL,VC,POW,x,6,E,NEG,MUL,VC,POW,x,5,E,MUL,VC,POW,x,4,E,NEG,MUL,VC,POW,x,3,E,MUL,VC,POW,x,2,E,NEG,MUL,VC,x,E,NEG,VC,E",1
32,"SUM,MUL,VC,x,E,NEG,VC,E",1
33,"SUM,MUL,VC,POW,x,6,E,MUL,VC,POW,x,5,E,MUL,VC,POW,x,4,E,MUL,VC,POW,x,3,E,MUL,VC,POW,x,2,E,NEG,MUL,VC,x,E,NEG,VC,E",1
34,"SUM,NEG,MUL,VC,POW,x,7,E,NEG,MUL,VC,POW,x,6,E,MUL,VC,POW,x,5,E,NEG,MUL,VC,POW,x,4,E,NEG,MUL,VC,POW,x,3,E,MUL,VC,POW,x,2,E,NEG,MUL,VC,x,E,NEG,VC,E",1
35,"SUM,NEG,MUL,VC,POW,x,5,E,NEG,MUL,VC,POW,x,4,E,NEG,MUL,VC,POW,x,3,E,NEG,MUL,VC,POW,x,2,E,NEG,MUL,VC,x,E,NEG,VC,E",1
36,"SUM,NEG,MUL,VC,POW,x,2,E,NEG,MUL,VC,x,E,NEG,VC,E",1
37,"SUM,NEG,MUL,VC,POW,x,4,E,NEG,MUL,VC,POW,x,3,E,NEG,MUL,VC,POW,x,2,E,NEG,MUL,VC,x,E,NEG,VC,E",1
38,"SUM,NEG,MUL,VC,POW,x,7,E,NEG,MUL,VC,POW,x,6,E,NEG,MUL,VC,POW,x,5,E,NEG,MUL,VC,POW,x,4,E,NEG,MUL,VC,POW,x,3,E,NEG,MUL,VC,POW,x,2,E,NEG,MUL,VC,x,E,NEG,VC,E",1
39,"SUM,NEG,MUL,VC,POW,x,5,E,NEG,MUL,VC,POW,x,4,E,NEG,MUL,VC,POW,x,3,E,NEG,MUL,VC,POW,x,2,E,NEG,MUL,VC,x,E,NEG,VC,E",1
40,"SUM,MUL,VC,POW,x,2,E,MUL,VC,x,E,VC,E",1
41,"SUM,MUL,VC,POW,x,6,E,MUL,VC,POW,x,5,E,MUL,VC,POW,x,4,E,MUL,VC,POW,x,3,E,MUL,VC,POW,x,2,E,MUL,VC,x,E,VC,E",1
42,"SUM,MUL,VC,POW,x,8,E,MUL,VC,POW,x,7,E,MUL,VC,POW,x,6,E,MUL,VC,POW,x,5,E,MUL,VC,POW,x,4,E,MUL,VC,POW,x,3,E,MUL,VC,POW,x,2,E,MUL,VC,x,E,VC,E",1
43,"SUM,MUL,VC,POW,x,7,E,MUL,VC,POW,x,6,E,MUL,VC,POW,x,5,E,MUL,VC,POW,x,4,E,MUL,VC,POW,x,3,E,MUL,VC,POW,x,2,E,MUL,VC,x,E,VC,E",1
44,"SUM,MUL,VC,POW,x,3,E,MUL,VC,POW,x,2,E,MUL,VC,x,E,VC,E",1
0,"SUM,NEG,MUL,VN,POW,x,2,E,MUL,VN,POW,x,3,E,NEG,MUL,VN,x,E,MUL,VN,POW,x,4,E,NEG,VN,NEG,MUL,VN,POW,x,7,E,MUL,VN,POW,x,8,E,MUL,VN,POW,x,5,E,NEG,MUL,VN,POW,x,6,E,E",2
1,"SUM,MUL,VN,POW,x,5,E,MUL,VN,POW,x,3,E,MUL,VN,POW,x,4,E,NEG,MUL,VN,POW,x,7,E,NEG,VN,MUL,VN,POW,x,2,E,MUL,VN,x,E,MUL,VN,POW,x,6,E,E",2
2,"SUM,NEG,MUL,VN,x,E,MUL,VN,POW,x,3,E,NEG,VN,MUL,VN,POW,x,2,E,MUL,VN,POW,x,4,E,MUL,VN,POW,x,5,E,NEG,MUL,VN,POW,x,7,E,MUL,VN,POW,x,6,E,MUL,VN,POW,x,8,E,E",2
3,"SUM,MUL,VN,POW,x,2,E,MUL,VN,POW,x,6,E,MUL,VN,x,E,VN,NEG,MUL,VN,POW,x,7,E,MUL,VN,POW,x,5,E,MUL,VN,POW,x,4,E,NEG,MUL,VN,POW,x,3,E,E",2
4,"SUM,MUL,VN,x,E,NEG,VN,E",2
5,"SUM,NEG,MUL,VN,POW,x,2,E,NEG,VN,NEG,MUL,VN,POW,x,4,E,NEG,MUL,VN,x,E,NEG,MUL,VN,POW,x,3,E,E",2
6,"SUM,NEG,MUL,VN,x,E,NEG,MUL,VN,POW,x,2,E,NEG,VN,NEG,MUL,VN,POW,x,4,E,NEG,MUL,VN,POW,x,3,E,NEG,MUL,VN,POW,x,5,E,NEG,MUL,VN,POW,x,6,E,E",2
7,"SUM,NEG,MUL,VN,POW,x,3,E,NEG,VN,NEG,MUL,VN,POW,x,2,E,NEG,MUL,VN,x,E,NEG,MUL,VN,POW,x,4,E,E",2
8,"SUM,NEG,MUL,VN,x,E,NEG,MUL,VN,POW,x,5,E,NEG,MUL,VN,POW,x,4,E,NEG,MUL,VN,POW,x,2,E,NEG,MUL,VN,POW,x,8,E,NEG,VN,NEG,MUL,VN,POW,x,3,E,NEG,MUL,VN,POW,x,6,E,NEG,MUL,VN,POW,x,7,E,E",2
9,"SUM,NEG,MUL,VN,POW,x,6,E,NEG,MUL,VN,POW,x,4,E,NEG,VN,NEG,MUL,VN,POW,x,3,E,NEG,MUL,VN,x,E,NEG,MUL,VN,POW,x,2,E,NEG,MUL,VN,POW,x,5,E,E",2
10,"SUM,MUL,VN,POW,x,3,E,VN,MUL,VN,POW,x,6,E,MUL,VN,POW,x,2,E,MUL,VN,POW,x,4,E,MUL,VN,POW,x,7,E,MUL,VN,POW,x,5,E,MUL,VN,x,E,E",2
11,"SUM,MUL,VN,POW,x,3,E,MUL,VN,x,E,MUL,VN,POW,x,4,E,VN,MUL,VN,POW,x,5,E,MUL,VN,POW,x,2,E,E",2
12,"SUM,VN,MUL,VN,POW,x,2,E,MUL,VN,POW,x,3,E,MUL,VN,x,E,E",2
13,"SUM,VN,MUL,VN,x,E,E",2
14,"SUM,MUL,VN,POW,x,4,E,VN,MUL,VN,x,E,MUL,VN,POW,x,3,E,MUL,VN,POW,x,6,E,MUL,VN,POW,x,5,E,MUL,VN,POW,x,2,E,E",2
15,"SUM,VN,NEG,MUL,VN,x,E,NEG,MUL,VN,POW,x,2,E,MUL,VN,POW,x,3,E,E",2
16,"SUM,NEG,VN,MUL,VN,x,E,NEG,MUL,VN,POW,x,2,E,MUL,VN,POW,x,3,E,NEG,MUL,VN,POW,x,4,E,NEG,MUL,VN,POW,x,5,E,MUL,VN,POW,x,6,E,NEG,MUL,VN,POW,x,7,E,NEG,MUL,VN,POW,x,8,E,E",2
17,"SUM,NEG,VN,NEG,MUL,VN,x,E,MUL,VN,POW,x,2,E,MUL,VN,POW,x,3,E,MUL,VN,POW,x,4,E,NEG,MUL,VN,POW,x,5,E,NEG,MUL,VN,POW,x,6,E,E",2
18,"SUM,VN,NEG,MUL,VN,x,E,NEG,MUL,VN,POW,x,2,E,E",2
19,"SUM,NEG,VN,MUL,VN,x,E,MUL,VN,POW,x,2,E,E",2
20,"SUM,NEG,VN,NEG,MUL,VN,x,E,NEG,MUL,VN,POW,x,2,E,NEG,MUL,VN,POW,x,3,E,NEG,MUL,VN,POW,x,4,E,NEG,MUL,VN,POW,x,5,E,NEG,MUL,VN,POW,x,6,E,NEG,MUL,VN,POW,x,7,E,E",2
21,"SUM,NEG,VN,NEG,MUL,VN,x,E,NEG,MUL,VN,POW,x,2,E,NEG,MUL,VN,POW,x,3,E,NEG,MUL,VN,POW,x,4,E,NEG,MUL,VN,POW,x,5,E,NEG,MUL,VN,POW,x,6,E,NEG,MUL,VN,POW,x,7,E,NEG,MUL,VN,POW,x,8,E,E",2
22,"SUM,NEG,VN,NEG,MUL,VN,x,E,E",2
23,"SUM,NEG,VN,NEG,MUL,VN,x,E,E",2
24,"SUM,NEG,VN,NEG,MUL,VN,x,E,E",2
25,"SUM,VN,MUL,VN,x,E,MUL,VN,POW,x,2,E,MUL,VN,POW,x,3,E,MUL,VN,POW,x,4,E,E",2
26,"SUM,VN,MUL,VN,x,E,MUL,VN,POW,x,2,E,MUL,VN,POW,x,3,E,MUL,VN,POW,x,4,E,MUL,VN,POW,x,5,E,MUL,VN,POW,x,6,E,MUL,VN,POW,x,7,E,MUL,VN,POW,x,8,E,E",2
27,"SUM,VN,MUL,VN,x,E,MUL,VN,POW,x,2,E,MUL,VN,POW,x,3,E,MUL,VN,POW,x,4,E,MUL,VN,POW,x,5,E,E",2
28,"SUM,VN,MUL,VN,x,E,MUL,VN,POW,x,2,E,MUL,VN,POW,x,3,E,MUL,VN,POW,x,4,E,MUL,VN,POW,x,5,E,MUL,VN,POW,x,6,E,MUL,VN,POW,x,7,E,MUL,VN,POW,x,8,E,E",2
29,"SUM,VN,MUL,VN,x,E,E",2
30,"SUM,MUL,VN,POW,x,4,E,MUL,VN,POW,x,3,E,MUL,VN,POW,x,2,E,MUL,VN,x,E,NEG,VN,E",2
31,"SUM,NEG,MUL,VN,POW,x,7,E,NEG,MUL,VN,POW,x,6,E,NEG,MUL,VN,POW,x,5,E,MUL,VN,POW,x,4,E,MUL,VN,POW,x,3,E,MUL,VN,POW,x,2,E,MUL,VN,x,E,NEG,VN,E",2
32,"SUM,NEG,MUL,VN,POW,x,3,E,NEG,MUL,VN,POW,x,2,E,MUL,VN,x,E,VN,E",2
33,"SUM,MUL,VN,POW,x,7,E,MUL,VN,POW,x,6,E,MUL,VN,POW,x,5,E,MUL,VN,POW,x,4,E,MUL,VN,POW,x,3,E,MUL,VN,POW,x,2,E,MUL,VN,x,E,NEG,VN,E",2
34,"SUM,NEG,MUL,VN,POW,x,5,E,NEG,MUL,VN,POW,x,4,E,MUL,VN,POW,x,3,E,NEG,MUL,VN,POW,x,2,E,MUL,VN,x,E,NEG,VN,E",2
35,"SUM,MUL,VN,POW,x,6,E,MUL,VN,POW,x,5,E,MUL,VN,POW,x,4,E,MUL,VN,POW,x,3,E,MUL,VN,POW,x,2,E,MUL,VN,x,E,VN,E",2
36,"SUM,MUL,VN,x,E,VN,E",2
37,"SUM,MUL,VN,POW,x,3,E,MUL,VN,POW,x,2,E,MUL,VN,x,E,VN,E",2
38,"SUM,MUL,VN,POW,x,7,E,MUL,VN,POW,x,6,E,MUL,VN,POW,x,5,E,MUL,VN,POW,x,4,E,MUL,VN,POW,x,3,E,MUL,VN,POW,x,2,E,MUL,VN,x,E,VN,E",2
39,"SUM,MUL,VN,POW,x,5,E,MUL,VN,POW,x,4,E,MUL,VN,POW,x,3,E,MUL,VN,POW,x,2,E,MUL,VN,x,E,VN,E",2
40,"SUM,NEG,MUL,VN,POW,x,6,E,NEG,MUL,VN,POW,x,5,E,NEG,MUL,VN,POW,x,4,E,NEG,MUL,VN,POW,x,3,E,NEG,MUL,VN,POW,x,2,E,NEG,MUL,VN,x,E,NEG,VN,E",2
41,"SUM,NEG,MUL,VN,POW,x,7,E,NEG,MUL,VN,POW,x,6,E,NEG,MUL,VN,POW,x,5,E,NEG,MUL,VN,POW,x,4,E,NEG,MUL,VN,POW,x,3,E,NEG,MUL,VN,POW,x,2,E,NEG,MUL,VN,x,E,NEG,VN,E",2
42,"SUM,NEG,MUL,VN,POW,x,7,E,NEG,MUL,VN,POW,x,6,E,NEG,MUL,VN,POW,x,5,E,NEG,MUL,VN,POW,x,4,E,NEG,MUL,VN,POW,x,3,E,NEG,MUL,VN,POW,x,2,E,NEG,MUL,VN,x,E,NEG,VN,E",2
43,"SUM,NEG,MUL,VN,POW,x,3,E,NEG,MUL,VN,POW,x,2,E,NEG,MUL,VN,x,E,NEG,VN,E",2
44,"SUM,NEG,MUL,VN,x,E,NEG,VN,E",2
0,"SUM,NEG,MUL,VF,POW,x,6,E,MUL,VF,POW,x,12,E,NEG,MUL,VN,POW,x,15,E,NEG,MUL,VN,POW,x,9,E,MUL,VN,x,E,NEG,VN,MUL,VF,POW,x,11,E,MUL,VN,POW,x,4,E,E",5
1,"SUM,NEG,MUL,VN,POW,x,3,E,NEG,MUL,VF,POW,x,6,E,E",5
2,"SUM,NEG,MUL,VF,POW,x,4,E,NEG,MUL,VN,POW,x,5,E,VN,NEG,MUL,VN,POW,x,8,E,MUL,VN,POW,x,9,E,MUL,VN,POW,x,2,E,MUL,VN,POW,x,6,E,MUL,VN,POW,x,10,E,NEG,MUL,VN,POW,x,3,E,NEG,MUL,VN,POW,x,7,E,MUL,VF,POW,x,11,E,E",5
3,"SUM,MUL,VN,POW,x,4,E,MUL,VN,x,E,MUL,VN,POW,x,2,E,E",5
4,"SUM,MUL,VN,POW,x,7,E,VN,E",5
5,"SUM,NEG,MUL,VN,POW,x,10,E,E",5
6,"SUM,NEG,MUL,VN,POW,x,6,E,NEG,MUL,VF,POW,x,3,E,E",5
7,"SUM,NEG,MUL,VN,POW,x,8,E,E",5
8,"SUM,NEG,MUL,VN,POW,x,9,E,NEG,MUL,VN,POW,x,11,E,NEG,MUL,VN,POW,x,13,E,NEG,MUL,VN,POW,x,7,E,MUL,VN,POW,x,3,E,NEG,MUL,VN,POW,x,4,E,MUL,VF,POW,x,12,E,MUL,VN,POW,x,5,E,NEG,MUL,VN,POW,x,6,E,NEG,MUL,VF,POW,x,10,E,NEG,VN,MUL,VF,x,E,NEG,MUL,VF,POW,x,8,E,E",5
9,"SUM,VF,NEG,MUL,VN,x,E,MUL,VN,POW,x,3,E,E",5
10,"SUM,NEG,MUL,VN,x,E,NEG,MUL,VN,POW,x,7,E,NEG,MUL,VN,POW,x,3,E,E",5
11,"SUM,NEG,MUL,VN,POW,x,15,E,E",5
12,"SUM,NEG,MUL,VN,POW,x,2,E,E",5
13,"SUM,NEG,MUL,VF,POW,x,3,E,NEG,MUL,VF,POW,x,5,E,NEG,MUL,VN,POW,x,4,E,NEG,MUL,VN,POW,x,2,E,NEG,MUL,VF,POW,x,6,E,NEG,MUL,VN,POW,x,9,E,NEG,MUL,VN,POW,x,8,E,NEG,MUL,VN,x,E,NEG,MUL,VN,POW,x,7,E,E",5
14,"SUM,NEG,MUL,VN,POW,x,8,E,NEG,MUL,VN,POW,x,2,E,NEG,MUL,VN,x,E,E",5
15,"SUM,NEG,VN,NEG,MUL,VN,POW,x,10,E,NEG,MUL,VN,POW,x,7,E,NEG,MUL,VN,POW,x,11,E,NEG,MUL,VN,POW,x,6,E,NEG,MUL,VN,POW,x,2,E,NEG,MUL,VN,POW,x,5,E,NEG,MUL,VN,POW,x,8,E,E",5
16,"SUM,NEG,MUL,VN,x,E,E",5
17,"SUM,NEG,MUL,VN,POW,x,7,E,NEG,MUL,VN,POW,x,11,E,NEG,MUL,VN,POW,x,9,E,E",5
18,"SUM,NEG,MUL,VN,POW,x,9,E,NEG,MUL,VF,POW,x,8,E,NEG,MUL,VN,x,E,NEG,MUL,VN,POW,x,4,E,NEG,MUL,VN,POW,x,2,E,NEG,MUL,VN,POW,x,6,E,NEG,VN,NEG,MUL,VN,POW,x,7,E,E",5
19,"SUM,NEG,MUL,VN,POW,x,10,E,NEG,MUL,VN,POW,x,9,E,NEG,MUL,VN,POW,x,8,E,NEG,MUL,VF,POW,x,3,E,NEG,MUL,VN,POW,x,4,E,NEG,VN,NEG,MUL,VF,POW,x,15,E,E",5
20,"SUM,MUL,VN,POW,x,5,E,E",5
21,"SUM,MUL,VN,POW,x,4,E,MUL,VN,x,E,MUL,VF,POW,x,8,E,MUL,VF,POW,x,7,E,MUL,VN,POW,x,9,E,MUL,VF,POW,x,10,E,MUL,VN,POW,x,2,E,VN,MUL,VF,POW,x,5,E,MUL,VN,POW,x,6,E,E",5
22,"SUM,MUL,VN,POW,x,13,E,MUL,VN,POW,x,2,E,MUL,VN,x,E,E",5
23,"SUM,MUL,VF,POW,x,5,E,MUL,VN,POW,x,2,E,MUL,VN,x,E,MUL,VN,POW,x,10,E,MUL,VN,POW,x,7,E,MUL,VN,POW,x,13,E,MUL,VN,POW,x,6,E,MUL,VN,POW,x,3,E,E",5
24,"SUM,MUL,VN,POW,x,10,E,MUL,VN,POW,x,3,E,MUL,VF,POW,x,6,E,MUL,VN,POW,x,9,E,VN,MUL,VN,POW,x,11,E,MUL,VF,x,E,E",5
25,"SUM,MUL,VN,POW,x,3,E,MUL,VN,POW,x,7,E,MUL,VF,POW,x,6,E,MUL,VN,POW,x,5,E,MUL,VN,POW,x,4,E,MUL,VN,x,E,E",5
26,"SUM,MUL,VF,POW,x,2,E,MUL,VN,POW,x,4,E,MUL,VN,POW,x,7,E,VF,MUL,VN,POW,x,10,E,MUL,VN,x,E,MUL,VN,POW,x,12,E,MUL,VN,POW,x,11,E,MUL,VN,POW,x,9,E,MUL,VN,POW,x,6,E,MUL,VF,POW,x,3,E,MUL,VF,POW,x,5,E,E",5
27,"SUM,MUL,VN,x,E,E",5
28,"SUM,MUL,VN,POW,x,12,E,MUL,VN,POW,x,7,E,E",5
29,"SUM,MUL,VN,POW,x,7,E,MUL,VF,POW,x,4,E,MUL,VF,POW,x,8,E,MUL,VN,POW,x,11,E,E",5
30,"SUM,MUL,VN,x,E,E",5
31,"SUM,MUL,VN,POW,x,8,E,NEG,MUL,VN,POW,x,7,E,MUL,VN,POW,x,6,E,NEG,MUL,VN,POW,x,4,E,E",5
32,"SUM,NEG,MUL,VN,POW,x,4,E,E",5
33,"SUM,NEG,MUL,VN,POW,x,10,E,NEG,MUL,VN,POW,x,9,E,MUL,VN,POW,x,8,E,NEG,MUL,VF,POW,x,7,E,NEG,MUL,VN,POW,x,6,E,NEG,MUL,VN,POW,x,4,E,NEG,MUL,VF,POW,x,3,E,NEG,MUL,VN,x,E,NEG,VF,E",5
34,"SUM,MUL,VF,POW,x,2,E,NEG,MUL,VF,x,E,E",5
35,"SUM,MUL,VN,POW,x,5,E,MUL,VN,POW,x,2,E,NEG,MUL,VN,x,E,NEG,VN,E",5
36,"SUM,MUL,VN,POW,x,14,E,NEG,MUL,VN,POW,x,11,E,NEG,MUL,VN,POW,x,3,E,E",5
37,"SUM,MUL,VN,POW,x,12,E,MUL,VN,POW,x,4,E,MUL,VN,POW,x,2,E,MUL,VN,x,E,E",5
38,"SUM,MUL,VN,x,E,E",5
39,"SUM,MUL,VN,POW,x,15,E,NEG,MUL,VN,POW,x,14,E,MUL,VF,POW,x,13,E,NEG,MUL,VF,POW,x,12,E,NEG,MUL,VF,POW,x,11,E,MUL,VN,POW,x,7,E,NEG,MUL,VF,POW,x,6,E,NEG,MUL,VF,POW,x,5,E,MUL,VN,POW,x,4,E,NEG,MUL,VF,POW,x,2,E,NEG,MUL,VF,x,E,NEG,VN,E",5
40,"SUM,NEG,MUL,VN,POW,x,10,E,NEG,MUL,VN,POW,x,8,E,NEG,MUL,VN,POW,x,7,E,NEG,MUL,VN,POW,x,3,E,NEG,VF,E",5
41,"SUM,NEG,MUL,VF,POW,x,11,E,NEG,VF,E",5
42,"SUM,NEG,MUL,VN,POW,x,4,E,NEG,MUL,VF,POW,x,3,E,NEG,VN,E",5
43,"SUM,NEG,MUL,VN,POW,x,13,E,NEG,MUL,VF,POW,x,8,E,NEG,MUL,VN,POW,x,6,E,E",5
44,"SUM,NEG,MUL,VN,POW,x,8,E,NEG,MUL,VN,POW,x,4,E,NEG,MUL,VN,POW,x,3,E,NEG,MUL,VF,POW,x,2,E,E",5
45,"SUM,NEG,MUL,VN,POW,x,6,E,NEG,MUL,VF,POW,x,4,E,NEG,MUL,VN,POW,x,2,E,NEG,MUL,VF,x,E,NEG,VF,E",5
46,"SUM,NEG,MUL,VN,POW,x,8,E,NEG,MUL,VN,POW,x,3,E,E",5
47,"SUM,NEG,MUL,VF,POW,x,5,E,NEG,MUL,VN,POW,x,2,E,E",5
48,"SUM,NEG,MUL,VN,POW,x,2,E,NEG,MUL,VF,x,E,E",5
49,"SUM,NEG,MUL,VN,POW,x,4,E,NEG,MUL,VF,POW,x,3,E,NEG,MUL,VF,POW,x,2,E,NEG,MUL,VN,x,E,E",5
50,"SUM,MUL,VF,POW,x,6,E,MUL,VN,x,E,E",5
51,"SUM,MUL,VN,POW,x,3,E,E",5
52,"SUM,MUL,VN,POW,x,15,E,MUL,VN,POW,x,14,E,MUL,VN,POW,x,11,E,MUL,VN,POW,x,10,E,MUL,VN,POW,x,9,E,MUL,VN,POW,x,8,E,MUL,VF,POW,x,6,E,MUL,VN,POW,x,5,E,E",5
53,"SUM,MUL,VN,POW,x,3,E,MUL,VN,x,E,VF,E",5
54,"SUM,MUL,VN,POW,x,13,E,MUL,VN,POW,x,11,E,MUL,VF,POW,x,10,E,MUL,VN,POW,x,9,E,MUL,VN,POW,x,8,E,MUL,VN,POW,x,7,E,MUL,VN,POW,x,6,E,MUL,VN,POW,x,5,E,MUL,VF,POW,x,4,E,MUL,VF,POW,x,3,E,MUL,VF,POW,x,2,E,MUL,VF,x,E,VF,E",5
55,"SUM,MUL,VN,POW,x,9,E,MUL,VN,POW,x,7,E,MUL,VF,POW,x,4,E,MUL,VN,POW,x,3,E,MUL,VN,x,E,VN,E",5
56,"SUM,MUL,VF,x,E,E",5
57,"SUM,MUL,VN,POW,x,6,E,MUL,VF,POW,x,3,E,MUL,VF,POW,x,2,E,MUL,VN,x,E,VN,E",5
58,"SUM,MUL,VN,x,E,E",5
59,"SUM,MUL,VF,POW,x,14,E,MUL,VN,POW,x,13,E,MUL,VF,POW,x,12,E,MUL,VN,POW,x,11,E,MUL,VF,POW,x,10,E,MUL,VN,POW,x,7,E,MUL,VF,POW,x,6,E,MUL,VF,POW,x,5,E,MUL,VN,POW,x,3,E,MUL,VN,POW,x,2,E,MUL,VN,x,E,VN,E",5
0,"SUM,VD,NEG,MUL,VD,POW,x,2,E,NEG,MUL,VD,POW,x,3,E,MUL,VD,x,E,NEG,MUL,VD,POW,x,4,E,E",4
1,"SUM,NEG,MUL,VD,POW,x,4,E,NEG,MUL,VD,POW,x,6,E,VD,NEG,MUL,VD,POW,x,2,E,NEG,MUL,VD,POW,x,5,E,MUL,VD,x,E,NEG,MUL,VD,POW,x,3,E,E",4
2,"SUM,MUL,VD,x,E,NEG,MUL,VD,POW,x,2,E,VD,E",4
3,"SUM,MUL,VD,POW,x,2,E,VD,NEG,MUL,VD,POW,x,3,E,NEG,MUL,VD,x,E,E",4
4,"SUM,MUL,VD,POW,x,3,E,NEG,MUL,VD,POW,x,7,E,NEG,MUL,VD,POW,x,6,E,NEG,MUL,VD,POW,x,2,E,MUL,VD,x,E,NEG,MUL,VD,POW,x,4,E,VD,MUL,VD,POW,x,5,E,E",4
5,"SUM,NEG,MUL,VD,POW,x,2,E,NEG,MUL,VD,x,E,NEG,VD,NEG,MUL,VD,POW,x,4,E,NEG,MUL,VD,POW,x,3,E,E",4
6,"SUM,NEG,VD,NEG,MUL,VD,x,E,E",4
7,"SUM,NEG,MUL,VD,POW,x,3,E,NEG,MUL,VD,x,E,NEG,VD,NEG,MUL,VD,POW,x,2,E,NEG,MUL,VD,POW,x,4,E,E",4
8,"SUM,NEG,MUL,VD,POW,x,4,E,NEG,MUL,VD,POW,x,3,E,NEG,MUL,VD,POW,x,5,E,NEG,MUL,VD,POW,x,6,E,NEG,MUL,VD,POW,x,8,E,NEG,MUL,VD,x,E,NEG,MUL,VD,POW,x,7,E,NEG,MUL,VD,POW,x,2,E,NEG,VD,E",4
9,"SUM,NEG,MUL,VD,POW,x,2,E,NEG,MUL,VD,POW,x,3,E,NEG,MUL,VD,x,E,NEG,MUL,VD,POW,x,4,E,NEG,VD,E",4
10,"SUM,MUL,VD,x,E,VD,MUL,VD,POW,x,2,E,E",4
11,"SUM,VD,MUL,VD,POW,x,3,E,MUL,VD,x,E,MUL,VD,POW,x,2,E,MUL,VD,POW,x,4,E,E",4
12,"SUM,MUL,VD,POW,x,3,E,MUL,VD,POW,x,2,E,VD,MUL,VD,x,E,MUL,VD,POW,x,4,E,MUL,VD,POW,x,5,E,E",4
13,"SUM,MUL,VD,x,E,VD,MUL,VD,POW,x,2,E,E",4
14,"SUM,VD,MUL,VD,POW,x,5,E,MUL,VD,POW,x,3,E,MUL,VD,POW,x,4,E,MUL,VD,x,E,MUL,VD,POW,x,2,E,E",4
15,"SUM,NEG,VD,MUL,VD,x,E,NEG,MUL,VD,POW,x,2,E,MUL,VD,POW,x,3,E,E",4
16,"SUM,VD,NEG,MUL,VD,x,E,MUL,VD,POW,x,2,E,NEG,MUL,VD,POW,x,3,E,MUL,VD,POW,x,4,E,NEG,MUL,VD,POW,x,5,E,NEG,MUL,VD,POW,x,6,E,NEG,MUL,VD,POW,x,7,E,NEG,MUL,VD,POW,x,8,E,E",4
17,"SUM,VD,MUL,VD,x,E,NEG,MUL,VD,POW,x,2,E,NEG,MUL,VD,POW,x,3,E,NEG,MUL,VD,POW,x,4,E,MUL,VD,POW,x,5,E,MUL,VD,POW,x,6,E,NEG,MUL,VD,POW,x,7,E,MUL,VD,POW,x,8,E,E",4
18,"SUM,VD,NEG,MUL,VD,x,E,MUL,VD,POW,x,2,E,E",4
19,"SUM,VD,NEG,MUL,VD,x,E,NEG,MUL,VD,POW,x,2,E,MUL,VD,POW,x,3,E,E",4
20,"SUM,NEG,VD,NEG,MUL,VD,x,E,NEG,MUL,VD,POW,x,2,E,NEG,MUL,VD,POW,x,3,E,NEG,MUL,VD,POW,x,4,E,NEG,MUL,VD,POW,x,5,E,E",4
21,"SUM,NEG,VD,NEG,MUL,VD,x,E,NEG,MUL,VD,POW,x,2,E,NEG,MUL,VD,POW,x,3,E,NEG,MUL,VD,POW,x,4,E,E",4
22,"SUM,NEG,VD,NEG,MUL,VD,x,E,NEG,MUL,VD,POW,x,2,E,NEG,MUL,VD,POW,x,3,E,E",4
23,"SUM,NEG,VD,NEG,MUL,VD,x,E,NEG,MUL,VD,POW,x,2,E,E",4
24,"SUM,NEG,VD,NEG,MUL,VD,x,E,NEG,MUL,VD,POW,x,2,E,E",4
25,"SUM,VD,MUL,VD,x,E,MUL,VD,POW,x,2,E,MUL,VD,POW,x,3,E,MUL,VD,POW,x,4,E,MUL,VD,POW,x,5,E,MUL,VD,POW,x,6,E,MUL,VD,POW,x,7,E,MUL,VD,POW,x,8,E,E",4
26,"SUM,VD,MUL,VD,x,E,E",4
27,"SUM,VD,MUL,VD,x,E,MUL,VD,POW,x,2,E,MUL,VD,POW,x,3,E,MUL,VD,POW,x,4,E,E",4
28,"SUM,VD,MUL,VD,x,E,MUL,VD,POW,x,2,E,MUL,VD,POW,x,3,E,MUL,VD,POW,x,4,E,MUL,VD,POW,x,5,E,E",4
29,"SUM,VD,MUL,VD,x,E,MUL,VD,POW,x,2,E,MUL,VD,POW,x,3,E,MUL,VD,POW,x,4,E,MUL,VD,POW,x,5,E,MUL,VD,POW,x,6,E,MUL,VD,POW,x,7,E,MUL,VD,POW,x,8,E,E",4
30,"SUM,NEG,MUL,VD,POW,x,4,E,MUL,VD,POW,x,3,E,NEG,MUL,VD,POW,x,2,E,MUL,VD,x,E,NEG,VD,E",4
31,"SUM,NEG,MUL,VD,POW,x,5,E,NEG,MUL,VD,POW,x,4,E,MUL,VD,POW,x,3,E,NEG,MUL,VD,POW,x,2,E,NEG,MUL,VD,x,E,NEG,VD,E",4
32,"SUM,MUL,VD,POW,x,6,E,MUL,VD,POW,x,5,E,MUL,VD,POW,x,4,E,MUL,VD,POW,x,3,E,NEG,MUL,VD,POW,x,2,E,MUL,VD,x,E,NEG,VD,E",4
33,"SUM,MUL,VD,POW,x,8,E,MUL,VD,POW,x,7,E,MUL,VD,POW,x,6,E,MUL,VD,POW,x,5,E,MUL,VD,POW,x,4,E,NEG,MUL,VD,POW,x,3,E,MUL,VD,POW,x,2,E,MUL,VD,x,E,NEG,VD,E",4
34,"SUM,NEG,MUL,VD,POW,x,2,E,MUL,VD,x,E,NEG,VD,E",4
35,"SUM,NEG,MUL,VD,POW,x,5,E,NEG,MUL,VD,POW,x,4,E,NEG,MUL,VD,POW,x,3,E,NEG,MUL,VD,POW,x,2,E,NEG,MUL,VD,x,E,NEG,VD,E",4
36,"SUM,NEG,MUL,VD,POW,x,6,E,NEG,MUL,VD,POW,x,5,E,NEG,MUL,VD,POW,x,4,E,NEG,MUL,VD,POW,x,3,E,NEG,MUL,VD,POW,x,2,E,NEG,MUL,VD,x,E,NEG,VD,E",4
37,"SUM,NEG,MUL,VD,POW,x,7,E,NEG,MUL,VD,POW,x,6,E,NEG,MUL,VD,POW,x,5,E,NEG,MUL,VD,POW,x,4,E,NEG,MUL,VD,POW,x,3,E,NEG,MUL,VD,POW,x,2,E,NEG,MUL,VD,x,E,NEG,VD,E",4
38,"SUM,NEG,MUL,VD,POW,x,4,E,NEG,MUL,VD,POW,x,3,E,NEG,MUL,VD,POW,x,2,E,NEG,MUL,VD,x,E,NEG,VD,E",4
39,"SUM,NEG,MUL,VD,POW,x,3,E,NEG,MUL,VD,POW,x,2,E,NEG,MUL,VD,x,E,NEG,VD,E",4
40,"SUM,MUL,VD,POW,x,4,E,MUL,VD,POW,x,3,E,MUL,VD,POW,x,2,E,MUL,VD,x,E,VD,E",4
41,"SUM,MUL,VD,POW,x,5,E,MUL,VD,POW,x,4,E,MUL,VD,POW,x,3,E,MUL,VD,POW,x,2,E,MUL,VD,x,E,VD,E",4
42,"SUM,MUL,VD,POW,x,2,E,MUL,VD,x,E,VD,E",4
43,"SUM,MUL,VD,POW,x,4,E,MUL,VD,POW,x,3,E,MUL,VD,POW,x,2,E,MUL,VD,x,E,VD,E",4
44,"SUM,MUL,VD,POW,x,5,E,MUL,VD,POW,x,4,E,MUL,VD,POW,x,3,E,MUL,VD,POW,x,2,E,MUL,VD,x,E,VD,E",4
0,"SUM,NEG,MUL,VR,x,E,NEG,VR,E",0
1,"SUM,VR,NEG,MUL,VR,x,E,E",0
2,"SUM,MUL,VR,POW,x,6,E,MUL,VR,POW,x,4,E,MUL,VR,POW,x,5,E,NEG,VR,MUL,VR,POW,x,3,E,NEG,MUL,VR,POW,x,2,E,MUL,VR,x,E,E",0
3,"SUM,MUL,VR,x,E,MUL,VR,POW,x,2,E,NEG,VR,E",0
4,"SUM,NEG,MUL,VR,x,E,VR,E",0
5,"SUM,MUL,VR,POW,x,3,E,VR,NEG,MUL,VR,POW,x,5,E,MUL,VR,POW,x,4,E,MUL,VR,POW,x,2,E,MUL,VR,x,E,E",0
6,"SUM,NEG,VR,NEG,MUL,VR,x,E,E",0
7,"SUM,NEG,MUL,VR,POW,x,6,E,NEG,MUL,VR,POW,x,4,E,MUL,VR,POW,x,3,E,NEG,MUL,VR,POW,x,2,E,VR,NEG,MUL,VR,POW,x,5,E,MUL,VR,x,E,NEG,MUL,VR,POW,x,7,E,E",0
8,"SUM,NEG,MUL,VR,POW,x,6,E,MUL,VR,x,E,NEG,MUL,VR,POW,x,4,E,VR,NEG,MUL,VR,POW,x,3,E,MUL,VR,POW,x,2,E,MUL,VR,POW,x,5,E,E",0
9,"SUM,NEG,MUL,VR,POW,x,4,E,NEG,VR,MUL,VR,POW,x,3,E,NEG,MUL,VR,x,E,MUL,VR,POW,x,9,E,NEG,MUL,VR,POW,x,10,E,MUL,VR,POW,x,7,E,NEG,MUL,VR,POW,x,5,E,NEG,MUL,VR,POW,x,6,E,NEG,MUL,VR,POW,x,2,E,MUL,VR,POW,x,8,E,E",0
10,"SUM,NEG,MUL,VR,POW,x,2,E,NEG,MUL,VR,POW,x,4,E,NEG,MUL,VR,x,E,NEG,MUL,VR,POW,x,5,E,NEG,MUL,VR,POW,x,3,E,NEG,MUL,VR,POW,x,6,E,NEG,VR,E",0
11,"SUM,NEG,MUL,VR,x,E,NEG,VR,NEG,MUL,VR,POW,x,2,E,NEG,MUL,VR,POW,x,3,E,E",0
12,"SUM,NEG,MUL,VR,POW,x,3,E,NEG,MUL,VR,POW,x,2,E,NEG,MUL,VR,POW,x,4,E,NEG,VR,NEG,MUL,VR,x,E,E",0
13,"SUM,NEG,MUL,VR,POW,x,5,E,NEG,MUL,VR,POW,x,2,E,NEG,VR,NEG,MUL,VR,POW,x,4,E,NEG,MUL,VR,x,E,NEG,MUL,VR,POW,x,3,E,E",0
14,"SUM,NEG,VR,NEG,MUL,VR,POW,x,2,E,NEG,MUL,VR,POW,x,5,E,NEG,MUL,VR,POW,x,4,E,NEG,MUL,VR,POW,x,6,E,NEG,MUL,VR,POW,x,3,E,NEG,MUL,VR,POW,x,7,E,NEG,MUL,VR,x,E,E",0
15,"SUM,NEG,VR,NEG,MUL,VR,POW,x,3,E,NEG,MUL,VR,POW,x,5,E,NEG,MUL,VR,x,E,NEG,MUL,VR,POW,x,2,E,NEG,MUL,VR,POW,x,4,E,E",0
16,"SUM,NEG,MUL,VR,POW,x,5,E,NEG,MUL,VR,POW,x,4,E,NEG,MUL,VR,POW,x,3,E,NEG,MUL,VR,POW,x,2,E,NEG,MUL,VR,x,E,NEG,VR,E",0
17,"SUM,NEG,MUL,VR,POW,x,2,E,NEG,MUL,VR,POW,x,3,E,NEG,MUL,VR,POW,x,6,E,NEG,MUL,VR,x,E,NEG,MUL,VR,POW,x,5,E,NEG,MUL,VR,POW,x,4,E,NEG,VR,E",0
18,"SUM,NEG,MUL,VR,POW,x,6,E,NEG,MUL,VR,POW,x,5,E,NEG,VR,NEG,MUL,VR,POW,x,4,E,NEG,MUL,VR,POW,x,2,E,NEG,MUL,VR,x,E,NEG,MUL,VR,POW,x,3,E,E",0
19,"SUM,NEG,MUL,VR,x,E,NEG,VR,E",0
20,"SUM,MUL,VR,POW,x,2,E,MUL,VR,POW,x,7,E,MUL,VR,POW,x,3,E,MUL,VR,POW,x,4,E,VR,MUL,VR,POW,x,6,E,MUL,VR,POW,x,8,E,MUL,VR,POW,x,9,E,MUL,VR,POW,x,5,E,MUL,VR,x,E,E",0
21,"SUM,MUL,VR,POW,x,2,E,MUL,VR,POW,x,3,E,MUL,VR,POW,x,4,E,VR,MUL,VR,POW,x,5,E,MUL,VR,x,E,MUL,VR,POW,x,9,E,MUL,VR,POW,x,7,E,MUL,VR,POW,x,6,E,MUL,VR,POW,x,10,E,MUL,VR,POW,x,8,E,E",0
22,"SUM,MUL,VR,POW,x,2,E,VR,MUL,VR,x,E,E",0
23,"SUM,MUL,VR,POW,x,4,E,MUL,VR,x,E,MUL,VR,POW,x,6,E,MUL,VR,POW,x,7,E,MUL,VR,POW,x,5,E,MUL,VR,POW,x,2,E,MUL,VR,POW,x,3,E,MUL,VR,POW,x,8,E,MUL,VR,POW,x,9,E,VR,E",0
24,"SUM,VR,MUL,VR,x,E,E",0
25,"SUM,MUL,VR,POW,x,2,E,MUL,VR,POW,x,3,E,MUL,VR,POW,x,6,E,MUL,VR,POW,x,4,E,VR,MUL,VR,x,E,MUL,VR,POW,x,5,E,E",0
26,"SUM,MUL,VR,POW,x,6,E,MUL,VR,x,E,MUL,VR,POW,x,2,E,MUL,VR,POW,x,4,E,MUL,VR,POW,x,3,E,MUL,VR,POW,x,5,E,MUL,VR,POW,x,8,E,MUL,VR,POW,x,7,E,VR,E",0
27,"SUM,MUL,VR,POW,x,3,E,MUL,VR,POW,x,2,E,VR,MUL,VR,POW,x,6,E,MUL,VR,POW,x,4,E,MUL,VR,x,E,MUL,VR,POW,x,7,E,MUL,VR,POW,x,5,E,MUL,VR,POW,x,8,E,E",0
28,"SUM,MUL,VR,POW,x,7,E,MUL,VR,POW,x,8,E,MUL,VR,POW,x,5,E,MUL,VR,POW,x,2,E,MUL,VR,POW,x,4,E,VR,MUL,VR,POW,x,3,E,MUL,VR,x,E,MUL,VR,POW,x,6,E,E",0
29,"SUM,MUL,VR,x,E,MUL,VR,POW,x,4,E,MUL,VR,POW,x,5,E,MUL,VR,POW,x,3,E,VR,MUL,VR,POW,x,2,E,E",0
30,"SUM,NEG,VR,MUL,VR,x,E,NEG,MUL,VR,POW,x,2,E,NEG,MUL,VR,POW,x,3,E,E",0
31,"SUM,VR,MUL,VR,x,E,MUL,VR,POW,x,2,E,NEG,MUL,VR,POW,x,3,E,NEG,MUL,VR,POW,x,4,E,NEG,MUL,VR,POW,x,5,E,MUL,VR,POW,x,6,E,NEG,MUL,VR,POW,x,7,E,NEG,MUL,VR,POW,x,8,E,MUL,VR,POW,x,9,E,MUL,VR,POW,x,10,E,E",0
32,"SUM,NEG,VR,NEG,MUL,VR,x,E,E",0
33,"SUM,VR,NEG,MUL,VR,x,E,MUL,VR,POW,x,2,E,NEG,MUL,VR,POW,x,3,E,MUL,VR,POW,x,4,E,NEG,MUL,VR,POW,x,5,E,MUL,VR,POW,x,6,E,NEG,MUL,VR,POW,x,7,E,NEG,MUL,VR,POW,x,8,E,E",0
34,"SUM,VR,NEG,MUL,VR,x,E,NEG,MUL,VR,POW,x,2,E,E",0
35,"SUM,VR,NEG,MUL,VR,x,E,MUL,VR,POW,x,2,E,NEG,MUL,VR,POW,x,3,E,NEG,MUL,VR,POW,x,4,E,NEG,MUL,VR,POW,x,5,E,MUL,VR,POW,x,6,E,E",0
36,"SUM,NEG,VR,NEG,MUL,VR,x,E,E",0
37,"SUM,NEG,VR,NEG,MUL,VR,x,E,MUL,VR,POW,x,2,E,NEG,MUL,VR,POW,x,3,E,MUL,VR,POW,x,4,E,NEG,MUL,VR,POW,x,5,E,MUL,VR,POW,x,6,E,MUL,VR,POW,x,7,E,MUL,VR,POW,x,8,E,MUL,VR,POW,x,9,E,E",0
38,"SUM,NEG,VR,NEG,MUL,VR,x,E,NEG,MUL,VR,POW,x,2,E,MUL,VR,POW,x,3,E,MUL,VR,POW,x,4,E,NEG,MUL,VR,POW,x,5,E,MUL,VR,POW,x,6,E,MUL,VR,POW,x,7,E,NEG,MUL,VR,POW,x,8,E,MUL,VR,POW,x,9,E,NEG,MUL,VR,POW,x,10,E,E",0
39,"SUM,VR,MUL,VR,x,E,MUL,VR,POW,x,2,E,NEG,MUL,VR,POW,x,3,E,NEG,MUL,VR,POW,x,4,E,NEG,MUL,VR,POW,x,5,E,NEG,MUL,VR,POW,x,6,E,NEG,MUL,VR,POW,x,7,E,MUL,VR,POW,x,8,E,MUL,VR,POW,x,9,E,MUL,VR,POW,x,10,E,E",0
40,"SUM,NEG,VR,NEG,MUL,VR,x,E,NEG,MUL,VR,POW,x,2,E,NEG,MUL,VR,POW,x,3,E,NEG,MUL,VR,POW,x,4,E,NEG,MUL,VR,POW,x,5,E,E",0
41,"SUM,NEG,VR,NEG,MUL,VR,x,E,NEG,MUL,VR,POW,x,2,E,NEG,MUL,VR,POW,x,3,E,NEG,MUL,VR,POW,x,4,E,NEG,MUL,VR,POW,x,5,E,NEG,MUL,VR,POW,x,6,E,E",0
42,"SUM,NEG,VR,NEG,MUL,VR,x,E,E",0
43,"SUM,NEG,VR,NEG,MUL,VR,x,E,E",0
44,"SUM,NEG,VR,NEG,MUL,VR,x,E,NEG,MUL,VR,POW,x,2,E,NEG,MUL,VR,POW,x,3,E,NEG,MUL,VR,POW,x,4,E,E",0
45,"SUM,NEG,VR,NEG,MUL,VR,x,E,NEG,MUL,VR,POW,x,2,E,NEG,MUL,VR,POW,x,3,E,NEG,MUL,VR,POW,x,4,E,NEG,MUL,VR,POW,x,5,E,NEG,MUL,VR,POW,x,6,E,NEG,MUL,VR,POW,x,7,E,NEG,MUL,VR,POW,x,8,E,NEG,MUL,VR,POW,x,9,E,E",0
46,"SUM,NEG,VR,NEG,MUL,VR,x,E,NEG,MUL,VR,POW,x,2,E,NEG,MUL,VR,POW,x,3,E,NEG,MUL,VR,POW,x,4,E,NEG,MUL,VR,POW,x,5,E,E",0
47,"SUM,NEG,VR,NEG,MUL,VR,x,E,NEG,MUL,VR,POW,x,2,E,NEG,MUL,VR,POW,x,3,E,NEG,MUL,VR,POW,x,4,E,NEG,MUL,VR,POW,x,5,E,NEG,MUL,VR,POW,x,6,E,NEG,MUL,VR,POW,x,7,E,E",0
48,"SUM,NEG,VR,NEG,MUL,VR,x,E,NEG,MUL,VR,POW,x,2,E,NEG,MUL,VR,POW,x,3,E,NEG,MUL,VR,POW,x,4,E,E",0
49,"SUM,NEG,VR,NEG,MUL,VR,x,E,NEG,MUL,VR,POW,x,2,E,NEG,MUL,VR,POW,x,3,E,NEG,MUL,VR,POW,x,4,E,NEG,MUL,VR,POW,x,5,E,E",0
50,"SUM,VR,MUL,VR,x,E,MUL,VR,POW,x,2,E,MUL,VR,POW,x,3,E,MUL,VR,POW,x,4,E,E",0
51,"SUM,VR,MUL,VR,x,E,MUL,VR,POW,x,2,E,MUL,VR,POW,x,3,E,E",0
52,"SUM,VR,MUL,VR,x,E,MUL,VR,POW,x,2,E,E",0
53,"SUM,VR,MUL,VR,x,E,MUL,VR,POW,x,2,E,MUL,VR,POW,x,3,E,MUL,VR,POW,x,4,E,MUL,VR,POW,x,5,E,E",0
54,"SUM,VR,MUL,VR,x,E,MUL,VR,POW,x,2,E,MUL,VR,POW,x,3,E,MUL,VR,POW,x,4,E,MUL,VR,POW,x,5,E,MUL,VR,POW,x,6,E,MUL,VR,POW,x,7,E,E",0
55,"SUM,VR,MUL,VR,x,E,MUL,VR,POW,x,2,E,MUL,VR,POW,x,3,E,MUL,VR,POW,x,4,E,MUL,VR,POW,x,5,E,E",0
56,"SUM,VR,MUL,VR,x,E,MUL,VR,POW,x,2,E,MUL,VR,POW,x,3,E,E",0
57,"SUM,VR,MUL,VR,x,E,MUL,VR,POW,x,2,E,MUL,VR,POW,x,3,E,MUL,VR,POW,x,4,E,MUL,VR,POW,x,5,E,MUL,VR,POW,x,6,E,E",0
58,"SUM,VR,MUL,VR,x,E,MUL,VR,POW,x,2,E,MUL,VR,POW,x,3,E,MUL,VR,POW,x,4,E,E",0
59,"SUM,VR,MUL,VR,x,E,MUL,VR,POW,x,2,E,MUL,VR,POW,x,3,E,MUL,VR,POW,x,4,E,MUL,VR,POW,x,5,E,MUL,VR,POW,x,6,E,MUL,VR,POW,x,7,E,E",0
60,"SUM,NEG,MUL,VR,POW,x,4,E,MUL,VR,POW,x,3,E,MUL,VR,POW,x,2,E,MUL,VR,x,E,NEG,VR,E",0
61,"SUM,MUL,VR,POW,x,10,E,MUL,VR,POW,x,9,E,NEG,MUL,VR,POW,x,8,E,NEG,MUL,VR,POW,x,7,E,NEG,MUL,VR,POW,x,6,E,NEG,MUL,VR,POW,x,5,E,NEG,MUL,VR,POW,x,4,E,NEG,MUL,VR,POW,x,3,E,NEG,MUL,VR,POW,x,2,E,MUL,VR,x,E,NEG,VR,E",0
62,"SUM,MUL,VR,POW,x,6,E,NEG,MUL,VR,POW,x,5,E,NEG,MUL,VR,POW,x,4,E,MUL,VR,POW,x,3,E,MUL,VR,POW,x,2,E,MUL,VR,x,E,VR,E",0
63,"SUM,MUL,VR,POW,x,10,E,MUL,VR,POW,x,9,E,NEG,MUL,VR,POW,x,8,E,MUL,VR,POW,x,7,E,NEG,MUL,VR,POW,x,6,E,NEG,MUL,VR,POW,x,5,E,MUL,VR,POW,x,4,E,MUL,VR,POW,x,3,E,NEG,MUL,VR,POW,x,2,E,NEG,MUL,VR,x,E,VR,E",0
64,"SUM,MUL,VR,POW,x,6,E,MUL,VR,POW,x,5,E,NEG,MUL,VR,POW,x,4,E,MUL,VR,POW,x,3,E,NEG,MUL,VR,POW,x,2,E,MUL,VR,x,E,NEG,VR,E",0
65,"SUM,NEG,MUL,VR,POW,x,3,E,MUL,VR,POW,x,2,E,MUL,VR,x,E,VR,E",0
66,"SUM,NEG,MUL,VR,POW,x,8,E,MUL,VR,POW,x,7,E,NEG,MUL,VR,POW,x,6,E,MUL,VR,POW,x,5,E,NEG,MUL,VR,POW,x,4,E,NEG,MUL,VR,POW,x,3,E,MUL,VR,POW,x,2,E,MUL,VR,x,E,VR,E",0
67,"SUM,NEG,MUL,VR,POW,x,6,E,NEG,MUL,VR,POW,x,5,E,NEG,MUL,VR,POW,x,4,E,NEG,MUL,VR,POW,x,3,E,NEG,MUL,VR,POW,x,2,E,MUL,VR,x,E,VR,E",0
68,"SUM,NEG,MUL,VR,POW,x,6,E,MUL,VR,POW,x,5,E,MUL,VR,POW,x,4,E,NEG,MUL,VR,POW,x,3,E,NEG,MUL,VR,POW,x,2,E,NEG,MUL,VR,x,E,VR,E",0
69,"SUM,MUL,VR,x,E,NEG,VR,E",0
70,"SUM,NEG,MUL,VR,POW,x,4,E,NEG,MUL,VR,POW,x,3,E,NEG,MUL,VR,POW,x,2,E,NEG,MUL,VR,x,E,NEG,VR,E",0
71,"SUM,NEG,MUL,VR,POW,x,7,E,NEG,MUL,VR,POW,x,6,E,NEG,MUL,VR,POW,x,5,E,NEG,MUL,VR,POW,x,4,E,NEG,MUL,VR,POW,x,3,E,NEG,MUL,VR,POW,x,2,E,NEG,MUL,VR,x,E,NEG,VR,E",0
72,"SUM,NEG,MUL,VR,POW,x,9,E,NEG,MUL,VR,POW,x,8,E,NEG,MUL,VR,POW,x,7,E,NEG,MUL,VR,POW,x,6,E,NEG,MUL,VR,POW,x,5,E,NEG,MUL,VR,POW,x,4,E,NEG,MUL,VR,POW,x,3,E,NEG,MUL,VR,POW,x,2,E,NEG,MUL,VR,x,E,NEG,VR,E",0
73,"SUM,NEG,MUL,VR,POW,x,4,E,NEG,MUL,VR,POW,x,3,E,NEG,MUL,VR,POW,x,2,E,NEG,MUL,VR,x,E,NEG,VR,E",0
74,"SUM,NEG,MUL,VR,x,E,NEG,VR,E",0
75,"SUM,NEG,MUL,VR,POW,x,9,E,NEG,MUL,VR,POW,x,8,E,NEG,MUL,VR,POW,x,7,E,NEG,MUL,VR,POW,x,6,E,NEG,MUL,VR,POW,x,5,E,NEG,MUL,VR,POW,x,4,E,NEG,MUL,VR,POW,x,3,E,NEG,MUL,VR,POW,x,2,E,NEG,MUL,VR,x,E,NEG,VR,E",0
76,"SUM,NEG,MUL,VR,POW,x,10,E,NEG,MUL,VR,POW,x,9,E,NEG,MUL,VR,POW,x,8,E,NEG,MUL,VR,POW,x,7,E,NEG,MUL,VR,POW,x,6,E,NEG,MUL,VR,POW,x,5,E,NEG,MUL,VR,POW,x,4,E,NEG,MUL,VR,POW,x,3,E,NEG,MUL,VR,POW,x,2,E,NEG,MUL,VR,x,E,NEG,VR,E",0
77,"SUM,NEG,MUL,VR,POW,x,4,E,NEG,MUL,VR,POW,x,3,E,NEG,MUL,VR,POW,x,2,E,NEG,MUL,VR,x,E,NEG,VR,E",0
78,"SUM,NEG,MUL,VR,POW,x,3,E,NEG,MUL,VR,POW,x,2,E,NEG,MUL,VR,x,E,NEG,VR,E",0
79,"SUM,NEG,MUL,VR,POW,x,10,E,NEG,MUL,VR,POW,x,9,E,NEG,MUL,VR,POW,x,8,E,NEG,MUL,VR,POW,x,7,E,NEG,MUL,VR,POW,x,6,E,NEG,MUL,VR,POW,x,5,E,NEG,MUL,VR,POW,x,4,E,NEG,MUL,VR,POW,x,3,E,NEG,MUL,VR,POW,x,2,E,NEG,MUL,VR,x,E,NEG,VR,E",0
80,"SUM,MUL,VR,POW,x,6,E,MUL,VR,POW,x,5,E,MUL,VR,POW,x,4,E,MUL,VR,POW,x,3,E,MUL,VR,POW,x,2,E,MUL,VR,x,E,VR,E",0
81,"SUM,MUL,VR,POW,x,4,E,MUL,VR,POW,x,3,E,MUL,VR,POW,x,2,E,MUL,VR,x,E,VR,E",0
82,"SUM,MUL,VR,POW,x,9,E,MUL,VR,POW,x,8,E,MUL,VR,POW,x,7,E,MUL,VR,POW,x,6,E,MUL,VR,POW,x,5,E,MUL,VR,POW,x,4,E,MUL,VR,POW,x,3,E,MUL,VR,POW,x,2,E,MUL,VR,x,E,VR,E",0
83,"SUM,MUL,VR,POW,x,5,E,MUL,VR,POW,x,4,E,MUL,VR,POW,x,3,E,MUL,VR,POW,x,2,E,MUL,VR,x,E,VR,E",0
84,"SUM,MUL,VR,POW,x,3,E,MUL,VR,POW,x,2,E,MUL,VR,x,E,VR,E",0
85,"SUM,MUL,VR,POW,x,5,E,MUL,VR,POW,x,4,E,MUL,VR,POW,x,3,E,MUL,VR,POW,x,2,E,MUL,VR,x,E,VR,E",0
86,"SUM,MUL,VR,POW,x,3,E,MUL,VR,POW,x,2,E,MUL,VR,x,E,VR,E",0
87,"SUM,MUL,VR,POW,x,8,E,MUL,VR,POW,x,7,E,MUL,VR,POW,x,6,E,MUL,VR,POW,x,5,E,MUL,VR,POW,x,4,E,MUL,VR,POW,x,3,E,MUL,VR,POW,x,2,E,MUL,VR,x,E,VR,E",0
88,"SUM,MUL,VR,x,E,VR,E",0
89,"SUM,MUL,VR,POW,x,9,E,MUL,VR,POW,x,8,E,MUL,VR,POW,x,7,E,MUL,VR,POW,x,6,E,MUL,VR,POW,x,5,E,MUL,VR,POW,x,4,E,MUL,VR,POW,x,3,E,MUL,VR,POW,x,2,E,MUL,VR,x,E,VR,E",0
0,"CASES,EQ,SUM,NEG,MUL,VN,y,E,MUL,VF,x,E,E,0,EQ,SUM,MUL,VN,y,E,MUL,VF,x,E,E,0,E",9
1,"CASES,EQ,SUM,MUL,VF,y,E,NEG,MUL,VN,x,E,E,0,EQ,SUM,MUL,VF,y,E,MUL,VN,x,E,E,0,E",9
2,"CASES,EQ,SUM,NEG,MUL,VN,x,E,NEG,MUL,VN,y,E,E,0,EQ,SUM,NEG,MUL,VN,x,E,NEG,MUL,VF,y,E,E,0,E",9
3,"CASES,EQ,SUM,NEG,MUL,VF,y,E,MUL,VN,x,E,E,0,EQ,SUM,NEG,MUL,VF,y,E,MUL,VN,x,E,E,0,E",9
4,"CASES,EQ,SUM,NEG,MUL,VF,x,E,MUL,VF,y,E,E,0,EQ,SUM,MUL,VF,x,E,NEG,MUL,VN,y,E,E,0,E",9
5,"CASES,EQ,SUM,NEG,MUL,VF,y,E,NEG,MUL,VN,x,E,E,0,EQ,SUM,NEG,MUL,VN,y,E,NEG,MUL,VN,x,E,E,0,E",9
6,"CASES,EQ,SUM,NEG,MUL,VN,x,E,NEG,MUL,VF,y,E,E,0,EQ,SUM,NEG,MUL,VF,x,E,NEG,MUL,VN,y,E,E,0,E",9
7,"CASES,EQ,SUM,NEG,MUL,VF,y,E,NEG,MUL,VN,x,E,E,0,EQ,SUM,NEG,MUL,VF,y,E,NEG,MUL,VN,x,E,E,0,E",9
8,"CASES,EQ,SUM,NEG,MUL,VF,y,E,NEG,MUL,VN,x,E,E,0,EQ,SUM,NEG,MUL,VN,y,E,NEG,MUL,VN,x,E,E,0,E",9
9,"CASES,EQ,SUM,NEG,MUL,VF,x,E,NEG,MUL,VF,y,E,E,0,EQ,SUM,NEG,MUL,VF,x,E,NEG,MUL,VN,y,E,E,0,E",9
10,"CASES,EQ,SUM,MUL,VF,y,E,MUL,VF,x,E,E,0,EQ,SUM,MUL,VN,y,E,MUL,VF,x,E,E,0,E",9
11,"CASES,EQ,SUM,MUL,VF,x,E,MUL,VN,y,E,E,0,EQ,SUM,MUL,VN,x,E,MUL,VF,y,E,E,0,E",9
12,"CASES,EQ,SUM,MUL,VF,x,E,MUL,VN,y,E,E,0,EQ,SUM,MUL,VN,x,E,MUL,VF,y,E,E,0,E",9
13,"CASES,EQ,SUM,MUL,VF,y,E,MUL,VF,x,E,E,0,EQ,SUM,MUL,VN,y,E,MUL,VF,x,E,E,0,E",9
14,"CASES,EQ,SUM,MUL,VF,y,E,MUL,VF,x,E,E,0,EQ,SUM,MUL,VN,y,E,MUL,VN,x,E,E,0,E",9
15,"CASES,EQ,SUM,NEG,MUL,VF,y,E,NEG,MUL,VN,x,E,E,0,EQ,SUM,NEG,MUL,VF,y,E,NEG,MUL,VN,x,E,E,0,E",9
16,"CASES,EQ,SUM,NEG,MUL,VN,x,E,NEG,MUL,VF,y,E,E,0,EQ,SUM,MUL,VN,x,E,NEG,MUL,VN,y,E,E,0,E",9
17,"CASES,EQ,SUM,MUL,VF,x,E,MUL,VF,y,E,E,0,EQ,SUM,MUL,VN,x,E,MUL,VN,y,E,E,0,E",9
18,"CASES,EQ,SUM,NEG,MUL,VN,y,E,NEG,MUL,VF,x,E,E,0,EQ,SUM,MUL,VF,x,E,NEG,MUL,VF,y,E,E,0,E",9
19,"CASES,EQ,SUM,NEG,MUL,VF,x,E,NEG,MUL,VF,y,E,E,0,EQ,SUM,NEG,MUL,VF,x,E,NEG,MUL,VN,y,E,E,0,E",9
20,"CASES,EQ,SUM,NEG,MUL,VN,x,E,NEG,MUL,VN,y,E,E,0,EQ,SUM,NEG,MUL,VF,x,E,NEG,MUL,VF,y,E,E,0,E",9
21,"CASES,EQ,SUM,NEG,MUL,VF,y,E,NEG,MUL,VN,x,E,E,0,EQ,SUM,NEG,MUL,VF,x,E,NEG,MUL,VF,y,E,E,0,E",9
22,"CASES,EQ,SUM,NEG,MUL,VN,x,E,NEG,MUL,VF,y,E,E,0,EQ,SUM,NEG,MUL,VN,y,E,NEG,MUL,VN,x,E,E,0,E",9
23,"CASES,EQ,SUM,NEG,MUL,VF,y,E,NEG,MUL,VN,x,E,E,0,EQ,SUM,NEG,MUL,VF,y,E,NEG,MUL,VF,x,E,E,0,E",9
24,"CASES,EQ,SUM,NEG,MUL,VF,y,E,NEG,MUL,VN,x,E,E,0,EQ,SUM,NEG,MUL,VN,y,E,NEG,MUL,VN,x,E,E,0,E",9
25,"CASES,EQ,SUM,MUL,VN,x,E,MUL,VF,y,E,E,0,EQ,SUM,MUL,VN,y,E,MUL,VN,x,E,E,0,E",9
26,"CASES,EQ,SUM,MUL,VF,x,E,MUL,VF,y,E,E,0,EQ,SUM,MUL,VN,x,E,MUL,VF,y,E,E,0,E",9
27,"CASES,EQ,SUM,MUL,VN,x,E,MUL,VN,y,E,E,0,EQ,SUM,MUL,VN,x,E,MUL,VN,y,E,E,0,E",9
28,"CASES,EQ,SUM,MUL,VN,y,E,MUL,VF,x,E,E,0,EQ,SUM,MUL,VF,y,E,MUL,VN,x,E,E,0,E",9
29,"CASES,EQ,SUM,MUL,VF,y,E,MUL,VF,x,E,E,0,EQ,SUM,MUL,VF,y,E,MUL,VF,x,E,E,0,E",9
0,"CASES,EQ,SUM,NEG,MUL,VN,y,E,NEG,MUL,VN,x,E,E,VN,EQ,SUM,MUL,VF,x,E,NEG,MUL,VF,y,E,E,VN,E",8
1,"CASES,EQ,SUM,NEG,MUL,VF,x,E,NEG,MUL,VN,y,E,E,VF,EQ,SUM,NEG,MUL,VF,x,E,MUL,VN,y,E,E,VN,E",8
2,"CASES,EQ,SUM,MUL,VF,y,E,NEG,MUL,VN,x,E,E,VF,EQ,SUM,NEG,MUL,VF,y,E,NEG,MUL,VF,x,E,E,VN,E",8
3,"CASES,EQ,SUM,MUL,VF,x,E,MUL,VN,y,E,E,VN,EQ,SUM,NEG,MUL,VN,y,E,MUL,VF,x,E,E,VN,E",8
4,"CASES,EQ,SUM,MUL,VN,x,E,NEG,MUL,VF,y,E,E,VF,EQ,SUM,NEG,MUL,VN,x,E,NEG,MUL,VN,y,E,E,VF,E",8
5,"CASES,EQ,SUM,MUL,VF,y,E,E,VN,EQ,SUM,NEG,MUL,VN,y,E,NEG,MUL,VF,x,E,E,VF,E",8
6,"CASES,EQ,SUM,NEG,MUL,VN,y,E,E,VF,EQ,SUM,NEG,MUL,VF,x,E,E,VN,E",8
7,"CASES,EQ,SUM,NEG,MUL,VF,y,E,MUL,VN,x,E,E,VN,EQ,SUM,MUL,VF,x,E,E,VN,E",8
8,"CASES,EQ,SUM,MUL,VN,y,E,E,VN,EQ,SUM,MUL,VF,x,E,E,VN,E",8
9,"CASES,EQ,SUM,MUL,VF,y,E,E,VN,EQ,SUM,NEG,MUL,VN,y,E,NEG,MUL,VN,x,E,E,VF,E",8
10,"CASES,EQ,SUM,NEG,MUL,VN,x,E,NEG,MUL,VN,y,E,E,VN,EQ,SUM,NEG,MUL,VF,y,E,NEG,MUL,VF,x,E,E,VF,E",8
11,"CASES,EQ,SUM,NEG,MUL,VN,x,E,NEG,MUL,VN,y,E,E,VN,EQ,SUM,NEG,MUL,VN,x,E,NEG,MUL,VF,y,E,E,VF,E",8
12,"CASES,EQ,SUM,NEG,MUL,VN,y,E,NEG,MUL,VN,x,E,E,VN,EQ,SUM,NEG,MUL,VF,x,E,NEG,MUL,VF,y,E,E,VF,E",8
13,"CASES,EQ,SUM,NEG,MUL,VF,x,E,NEG,MUL,VF,y,E,E,VF,EQ,SUM,NEG,MUL,VF,x,E,NEG,MUL,VN,y,E,E,VF,E",8
14,"CASES,EQ,SUM,NEG,MUL,VN,y,E,NEG,MUL,VN,x,E,E,VN,EQ,SUM,NEG,MUL,VF,x,E,NEG,MUL,VN,y,E,E,VF,E",8
15,"CASES,EQ,SUM,NEG,MUL,VN,x,E,E,VN,EQ,SUM,NEG,MUL,VF,x,E,NEG,MUL,VF,y,E,E,VF,E",8
16,"CASES,EQ,SUM,NEG,MUL,VF,x,E,E,VF,EQ,SUM,NEG,MUL,VN,x,E,E,VF,E",8
17,"CASES,EQ,SUM,NEG,MUL,VN,x,E,NEG,MUL,VF,y,E,E,VN,EQ,SUM,NEG,MUL,VF,y,E,NEG,MUL,VN,x,E,E,VN,E",8
18,"CASES,EQ,SUM,NEG,MUL,VF,x,E,NEG,MUL,VN,y,E,E,VN,EQ,SUM,NEG,MUL,VF,y,E,NEG,MUL,VF,x,E,E,VF,E",8
19,"CASES,EQ,SUM,NEG,MUL,VF,x,E,NEG,MUL,VF,y,E,E,VF,EQ,SUM,NEG,MUL,VN,y,E,E,VN,E",8
20,"CASES,EQ,SUM,MUL,VN,y,E,MUL,VN,x,E,E,VF,EQ,SUM,MUL,VN,x,E,MUL,VF,y,E,E,VF,E",8
21,"CASES,EQ,SUM,MUL,VF,x,E,MUL,VN,y,E,E,VF,EQ,SUM,MUL,VF,y,E,MUL,VF,x,E,E,VF,E",8
22,"CASES,EQ,SUM,MUL,VF,y,E,MUL,VF,x,E,E,VF,EQ,SUM,MUL,VF,y,E,MUL,VF,x,E,E,VN,E",8
23,"CASES,EQ,SUM,MUL,VN,x,E,MUL,VN,y,E,E,VN,EQ,SUM,MUL,VN,y,E,MUL,VN,x,E,E,VF,E",8
24,"CASES,EQ,SUM,MUL,VF,x,E,MUL,VF,y,E,E,VF,EQ,SUM,MUL,VN,y,E,MUL,VF,x,E,E,VF,E",8
25,"CASES,EQ,SUM,MUL,VN,y,E,E,VN,EQ,SUM,MUL,VF,x,E,E,VN,E",8
26,"CASES,EQ,SUM,MUL,VN,x,E,MUL,VF,y,E,E,VN,EQ,SUM,MUL,VN,x,E,E,VF,E",8
27,"CASES,EQ,SUM,MUL,VF,y,E,MUL,VN,x,E,E,VF,EQ,SUM,MUL,VN,x,E,MUL,VF,y,E,E,VN,E",8
28,"CASES,EQ,SUM,MUL,VF,y,E,MUL,VN,x,E,E,VN,EQ,SUM,MUL,VN,x,E,E,VF,E",8
29,"CASES,EQ,SUM,MUL,VF,x,E,E,VF,EQ,SUM,MUL,VF,x,E,MUL,VN,y,E,E,VF,E",8
